100 Plus Isotonic Drink,1.5l,drink,2.75,3.91,23,3,3,4,2018,2018,EconSave
100 Plus Isotonic Drink,1.5l,drink,2.6,3.89,20,1,4,5,2018,2018,EconSave
A&W Cream Soda ,1.5l,drink,2.3,3.89,20,1,4,5,2018,2018,EconSave
A&W Cream Soda ,1.5l,drink,2.4,4.05,29,9,12,1,2017,2018,EconSave
A&W Cream Soda ,1.5l,drink,2.75,3.89,6,17,4,4,2018,2018,EconSave
A1 Sardine In Tomato Sauce,425gm,ingredient,2.9,3.91,9,20,3,3,2018,2018,EconSave
AA Longan,565g,ingredient,4.28,3.94,19,30,1,1,2018,2018,EconSave
AAA Bawang Goreng,500gm,fresh,4.99,3.91,9,20,3,3,2018,2018,EconSave
AAA Bawang Goreng,1kg,fresh,9.5,3.91,9,20,3,3,2018,2018,EconSave
AAA Bawang Goreng,1pkt,fresh,4.5,3.89,20,1,4,5,2018,2018,EconSave
AAA Bawang Goreng,1pkt,fresh,8.9,3.89,20,1,4,5,2018,2018,EconSave
ABC Saus Manis,620ml,ingredient,7.5,3.89,6,17,4,4,2018,2018,EconSave
Adabi Seafood Sauce,510g ,ingredient,4.3,3.89,6,17,4,4,2018,2018,EconSave
Adabi Sos Pasya - Asli/Cendawan ,300g,ingredient,3.7,4.05,29,9,12,1,2017,2018,EconSave
Adidas Deodorant Spray,150ml,toilet,12.9,3.91,9,20,3,3,2018,2018,EconSave
Afrika Selatan Anggur Merah Tanpa Biji,1kg,fresh,17.9,3.91,23,3,3,4,2018,2018,EconSave
Afrika Selatan Epal Royal Gala,5pcs,ingredient,4.9,3.89,6,17,4,4,2018,2018,EconSave
Ah Huat White Coffee,15x(20-40gm),drink,10.8,3.91,9,20,3,3,2018,2018,EconSave
Aik Cheong Kopi O bag,12's18g,drink,6.15,3.89,20,1,4,5,2018,2018,EconSave
Air Wick Freshmatic Starter,250ml,house,17.5,3.91,9,20,3,3,2018,2018,EconSave
Air Wick Freshmatic Starter,250ml,house,17.9,4.05,29,9,12,1,2017,2018,EconSave
Air Wick Freshmatic Starter,3x250ml,house,25.9,3.89,6,17,4,4,2018,2018,EconSave
Air Wick Freshmatic Starter,250ml,house,17.88,3.94,19,30,1,1,2018,2018,EconSave
Ajax Fabuloso Floor Cleaner,2l,house,9.9,4.05,29,9,12,1,2017,2018,EconSave
Ajax Fabuloso Floor Cleaner,1.5/2l,house,9.8,3.91,9,20,3,3,2018,2018,EconSave
Ajax Fabuloso Floor Cleaner,2l,house,9.9,3.89,20,1,4,5,2018,2018,EconSave
Ajax Fabuloso Floor Cleaner,2x2l,house,17.88,3.94,19,30,1,1,2018,2018,EconSave
Akar Burdock,1kg,fresh,5.99,3.91,9,20,3,3,2018,2018,EconSave
Ali Cafe Power Root,-,drink,13.5,4.05,29,9,12,1,2017,2018,EconSave
AliShan Mushroom,425g,ingredient,2.88,3.94,19,30,1,1,2018,2018,EconSave
AliShan Pineapple Cubes,565g,ingredient,3.38,3.94,19,30,1,1,2018,2018,EconSave
Ambi Pur Gel Fresh,180g,house,6.5,3.89,20,1,4,5,2018,2018,EconSave
Ambi Pur Gel Fresh,2x180ml,house,12.88,3.94,19,30,1,1,2018,2018,EconSave
Anakku Baby Bath,2x750ml,toilet,16.9,3.91,23,3,3,4,2018,2018,EconSave
Anakku Baby Wipes,2x100's,toilet,9.5,3.91,23,3,3,4,2018,2018,EconSave
Angel Light Soy Sauce,750ml,ingredient,6.58,3.94,19,30,1,1,2018,2018,EconSave
Anlene Adult Milk Powder,1kg,drink,29.9,3.91,9,20,3,3,2018,2018,EconSave
Anlene Adult Milk Powder,1kg,drink,29.5,3.89,20,1,4,5,2018,2018,EconSave
Anlenen Heartplus,800g ,drink,29.5,3.89,6,17,4,4,2018,2018,EconSave
Anlenen Heartplus,660g,drink,19.68,3.94,19,30,1,1,2018,2018,EconSave
Anmum Essential 1+/3- ,1.2kg,drink,60.9,3.89,20,1,4,5,2018,2018,EconSave
Anmum Essential 1+/3- ,1.6kg,drink,79.95,4.05,29,9,12,1,2017,2018,EconSave
Anmum Essential 1+/3- ,2x1.2kg,drink,111.5,3.91,23,3,3,4,2018,2018,EconSave
Anmum Maternal/Lacta,640g,drink,34.5,3.89,6,17,4,4,2018,2018,EconSave
Anmum Maternal/Lacta,252gm/294gm,drink,16.5,3.91,23,3,3,4,2018,2018,EconSave
Antibax Shower Cream,2x900ml,toilet,16.88,3.94,19,30,1,1,2018,2018,EconSave
Antibax Shower Cream,2x900ml,toilet,16.9,3.89,20,1,4,5,2018,2018,EconSave
Archor Butter,227g,ingredient,8.9,3.89,20,1,4,5,2018,2018,EconSave
Arrow Root,1kg,ingredient,7.99,3.89,20,1,4,5,2018,2018,EconSave
Arrowhead,1kg,ingredient,4.98,3.94,19,30,1,1,2018,2018,EconSave
Attack Powder Detergent,3.6/4l,house,21.5,3.91,23,3,3,4,2018,2018,EconSave
Attack Powder Detergent,1.6kg,house,12.88,3.94,19,30,1,1,2018,2018,EconSave
Attack Powder Detergent,1.4/1.6kg,house,11.9,3.91,9,20,3,3,2018,2018,EconSave
Attack Power Detergent,2.4kg ,house,17.9,3.89,6,17,4,4,2018,2018,EconSave
Avocado Kenya,1pcs,fresh,3.5,3.91,23,3,3,4,2018,2018,EconSave
Axion Dishwashing Paste,750g,house,4.8,3.89,6,17,4,4,2018,2018,EconSave
Axion Dishwashing Paste,750g,house,4.9,4.05,29,9,12,1,2017,2018,EconSave
Ayam A1 Chicken Burger,300g ,fresh,3.8,3.89,6,17,4,4,2018,2018,EconSave
Ayam A1 Chicken Burger,300g,fresh,3.58,3.94,19,30,1,1,2018,2018,EconSave
Ayam A1 Chicken Nugget,700g,fresh,12.5,3.89,6,17,4,4,2018,2018,EconSave
Ayam A1 Crispy Friend Chicken,850g,fresh,8.5,3.89,20,1,4,5,2018,2018,EconSave
Ayam A1 Crispy Friend Chicken,700g,fresh,8.28,3.94,19,30,1,1,2018,2018,EconSave
Ayam Brand Buffet,230gm,ingredient,5.6,3.91,23,3,3,4,2018,2018,EconSave
Ayam Brand Coconut Milk,200ml,ingredient,2.65,3.91,9,20,3,3,2018,2018,EconSave
Ayam Brand Coconut Milk,200ml,ingredient,2.65,3.89,20,1,4,5,2018,2018,EconSave
Ayam Brand Coconut Milk,200ml,ingredient,2.55,3.89,20,1,4,5,2018,2018,EconSave
Ayam Brand Processed Peas,425g,ingredient,2.38,3.94,19,30,1,1,2018,2018,EconSave
Ayam Brand Sardine/Mackerel ,425g,ingredient,7.89,4.05,29,9,12,1,2017,2018,EconSave
Ayam Brand Sardine/Mackerel ,425g,ingredient,7.85,3.89,6,17,4,4,2018,2018,EconSave
Ayam Brand Sweetcorn Cream Style,425g,ingredient,2.78,3.94,19,30,1,1,2018,2018,EconSave
Ayam Fiesta Chicken Ball,850g,fresh,8.5,3.89,6,17,4,4,2018,2018,EconSave
Ayam Fiesta Chicken Cocktail,650gm,fresh,8.9,3.91,23,3,3,4,2018,2018,EconSave
Ayam Fiesta Chicken Cocktail,850g,fresh,8.9,4.05,29,9,12,1,2017,2018,EconSave
Ayam Fiesta Chicken Frankfurter,300gm,fresh,3.5,3.91,9,20,3,3,2018,2018,EconSave
Ayam Fiesta Chicken Frankfurter,300g,fresh,2.68,3.94,19,30,1,1,2018,2018,EconSave
Ayam Fiesta Chicken Meatloaf,200gm,fresh,3.2,3.91,23,3,3,4,2018,2018,EconSave
Ayam Seri Chicken Frankfurter,300gm,fresh,2.5,3.91,9,20,3,3,2018,2018,EconSave
Ayam Seri Chicken Frankfurter,300g,fresh,2.6,3.89,20,1,4,5,2018,2018,EconSave
Ayam Tua,1pcs,fresh,5.88,3.94,19,30,1,1,2018,2018,EconSave
Ayamadu Chicken Sandwich,300g,fresh,3.38,3.94,19,30,1,1,2018,2018,EconSave
Ayamadu Honey Chicken,860g,fresh,5.95,3.89,20,1,4,5,2018,2018,EconSave
Ayamas Breaded Drummet,850gm,fresh,13.5,3.91,9,20,3,3,2018,2018,EconSave
Ayamas Breaded Drummet ,850g,fresh,11.85,4.05,29,9,12,1,2017,2018,EconSave
Ayamas Chicken - Sardines/Mackerel,435g,fresh,4.88,3.94,19,30,1,1,2018,2018,EconSave
Ayamas Chicken - Sardines/Mackerel,300g,fresh,4.88,3.94,19,30,1,1,2018,2018,EconSave
Ayamas Chicken Cocktail,800gm,fresh,9.5,3.91,9,20,3,3,2018,2018,EconSave
Ayamas Chicken Frankfurter ,340g,fresh,2.9,4.05,29,9,12,1,2017,2018,EconSave
Ayamas Chicken Frankfurter ,340g,fresh,3.2,3.89,6,17,4,4,2018,2018,EconSave
Ayamas Chicken Meatball,850g,fresh,9.5,3.89,20,1,4,5,2018,2018,EconSave
Ayamas Chicken Meatball ,850g,fresh,8.9,4.05,29,9,12,1,2017,2018,EconSave
Ayamas Chicken Nuggets,850gm,fresh,10.9,3.91,9,20,3,3,2018,2018,EconSave
Ayamas Crispy Chicken Nuggets,850gm,fresh,10.5,3.91,23,3,3,4,2018,2018,EconSave
Ayamas Crispy Fried Chicken,850g,fresh,10.9,3.89,6,17,4,4,2018,2018,EconSave
Ayamas Kitchen Sardin/Mackerel,425g,fresh,5.5,3.89,20,1,4,5,2018,2018,EconSave
Ayamas Premium Chicken,500g,fresh,8.5,3.89,20,1,4,5,2018,2018,EconSave
Ayamas Premium Frankfurtar,300/340gm,fresh,4.5,3.91,23,3,3,4,2018,2018,EconSave
Balducci Pasta ,500g,ingredient,2.6,4.05,29,9,12,1,2017,2018,EconSave
Barli,1kg,ingredient,3.9,3.91,23,3,3,4,2018,2018,EconSave
Barli,1kg,ingredient,4.5,3.89,20,1,4,5,2018,2018,EconSave
Bawang Goreng ,500g,ingredient,4.99,4.05,29,9,12,1,2017,2018,EconSave
Bawang Goreng ,1kg,ingredient,9.5,4.05,29,9,12,1,2017,2018,EconSave
Bawang Goreng ,1kg,ingredient,6.9,3.89,6,17,4,4,2018,2018,EconSave
Bawang Goreng ,1kg,ingredient,2.39,3.91,23,3,3,4,2018,2018,EconSave
Bawang Goreng ,1kg,ingredient,1.69,3.89,20,1,4,5,2018,2018,EconSave
Bawang Goreng ,400g,ingredient,3.18,3.94,19,30,1,1,2018,2018,EconSave
Bawang Goreng ,800g,ingredient,5.88,3.94,19,30,1,1,2018,2018,EconSave
Beaf Liver,1kg,fresh,6.88,3.94,19,30,1,1,2018,2018,EconSave
Beaf Liver,1kg,fresh,6.99,3.91,9,20,3,3,2018,2018,EconSave
Beaf Liver,1kg,fresh,7.59,3.89,20,1,4,5,2018,2018,EconSave
Beaf Liver,1kg,fresh,7.89,3.89,6,17,4,4,2018,2018,EconSave
Beaf Liver,1kg,fresh,6.99,3.91,23,3,3,4,2018,2018,EconSave
Belvita,160g,snack,3.9,3.89,6,17,4,4,2018,2018,EconSave
Beras Cap Rambutan ,10kg,ingredient,26.9,3.89,20,1,4,5,2018,2018,EconSave
Beras Cap Rambutan ,10kg,ingredient,26.75,4.05,29,9,12,1,2017,2018,EconSave
Bio Zip Powder Detergent,3.8kg,house,12.5,3.89,6,17,4,4,2018,2018,EconSave
Bio Zip Powder Detergent,2.5kg,house,7.9,4.05,29,9,12,1,2017,2018,EconSave
Bio Zip Powder Detergent,2.5kg,house,7.9,3.91,23,3,3,4,2018,2018,EconSave
Biore Facial Foam,100g,toilet,8.88,3.94,19,30,1,1,2018,2018,EconSave
Bird of Paradise Fragrant Rice,10kg,ingredient,48.88,3.94,19,30,1,1,2018,2018,EconSave
Bird of Paradise Fragrant Rice,10kg,ingredient,49.9,3.89,20,1,4,5,2018,2018,EconSave
Bird Of Paradise Royale Basmathi Rice,5kg,ingredient,27.9,4.05,29,9,12,1,2017,2018,EconSave
Bird Of Paradise Royale Basmathi Rice,5kg,ingredient,42.88,3.94,19,30,1,1,2018,2018,EconSave
Bird Of Paradise Royale Basmathi Rice,5kg,ingredient,42.9,3.89,20,1,4,5,2018,2018,EconSave
Bird Of Paradise Royale Basmathi Rice,5kg,ingredient,41.9,4.05,29,9,12,1,2017,2018,EconSave
Bird Of Paradise Royale Basmathi Rice,5kg,ingredient,27.9,4.05,29,9,12,1,2017,2018,EconSave
Boh Potbag,800g,drink,9.68,3.94,19,30,1,1,2018,2018,EconSave
Boh Potbag,80's,drink,6.9,3.91,9,20,3,3,2018,2018,EconSave
Boh Potbag,12x(20/27gm),drink,11.5,3.91,23,3,3,4,2018,2018,EconSave
Bone In Mutton Cube,Cube1kg,fresh,25.99,4.05,29,9,12,1,2017,2018,EconSave
Bone In Mutton Cube,1kg,fresh,25.9,3.91,9,20,3,3,2018,2018,EconSave
Bone In Mutton Cube,1kg,fresh,24.5,3.89,20,1,4,5,2018,2018,EconSave
Box Dental Floss,50's,toilet,4.58,3.94,19,30,1,1,2018,2018,EconSave
Breeze Liquid Detergent Refill Pack,1.8kg,house,9.68,3.94,19,30,1,1,2018,2018,EconSave
Broccoli,1pcs,ingredient,2.29,3.89,6,17,4,4,2018,2018,EconSave
Bubur Cha-cha,1kg,fresh,7.9,3.91,9,20,3,3,2018,2018,EconSave
Burung Puyuh,1pcs,fresh,2.99,3.91,9,20,3,3,2018,2018,EconSave
Cadbury Chocolate,165gm,snack,5.9,3.91,9,20,3,3,2018,2018,EconSave
Cadbury Chocolate,10x16g,snack,6.9,3.89,20,1,4,5,2018,2018,EconSave
Campbell Cream Soup,305g,ingredient,3.8,3.89,6,17,4,4,2018,2018,EconSave
Cap Ketupat Basmathi Rice,5kg,ingredient,28.9,3.89,6,17,4,4,2018,2018,EconSave
Cap Ketupat Basmathi Rice,10kg,ingredient,24.5,3.89,20,1,4,5,2018,2018,EconSave
Cap Lily Basmathi Rice,5kg,ingredient,29.9,3.89,20,1,4,5,2018,2018,EconSave
Cap Rambutan Rice,10kg,ingredient,26.5,3.91,23,3,3,4,2018,2018,EconSave
Cap Rambutan Rice,10kg,ingredient,25.98,3.94,19,30,1,1,2018,2018,EconSave
Captain Dolphin Nata De Coco ,1.5kg,snack,4.5,4.05,29,9,12,1,2017,2018,EconSave
Captain Oatmeal,800g,ingredient,6.9,4.05,29,9,12,1,2017,2018,EconSave
Captain Oatmeal,800g,ingredient,7.5,3.89,20,1,4,5,2018,2018,EconSave
Captain Oatmeal,1kg,ingredient,8.9,3.89,6,17,4,4,2018,2018,EconSave
Carnation Evaporated Creamer ,390g,ingredient,2.7,4.05,29,9,12,1,2017,2018,EconSave
Carnation Evaporated Creamer ,390g,ingredient,2.7,3.89,6,17,4,4,2018,2018,EconSave
Carnation Evaporated Creamer ,390g,ingredient,2.68,3.94,19,30,1,1,2018,2018,EconSave
Carrier Junior,700ml,toilet,12.9,3.91,23,3,3,4,2018,2018,EconSave
Cauliflower ,1kg,ingredient,4.39,4.05,29,9,12,1,2017,2018,EconSave
Celery ,1bdl,ingredient,2.99,4.05,29,9,12,1,2017,2018,EconSave
Celi Kering Bydagi ,1kg,ingredient,10.9,4.05,29,9,12,1,2017,2018,EconSave
Cendawan Abelone ,1pkt,ingredient,2.69,4.05,29,9,12,1,2017,2018,EconSave
Cendawan Salji,1pkt,ingredient,2.29,3.91,23,3,3,4,2018,2018,EconSave
Cendawan Shimeji,1pkt,ingredient,2.59,3.91,9,20,3,3,2018,2018,EconSave
Cendawan Shitaki,1kg,ingredient,4.38,3.94,19,30,1,1,2018,2018,EconSave
Chacheer Sunflower Seeds,220g,ingredient,4.88,3.94,19,30,1,1,2018,2018,EconSave
Cheezal,60-65gm,snack,1.5,3.91,23,3,3,4,2018,2018,EconSave
Chicken Drumstick,1kg,fresh,11.59,3.89,6,17,4,4,2018,2018,EconSave
Chicken Drumstick,1kg,fresh,10.99,3.89,20,1,4,5,2018,2018,EconSave
Chicken Drumstick,1kg,fresh,7.88,3.94,19,30,1,1,2018,2018,EconSave
Chicken Drumstick,1kg,fresh,7.99,3.91,9,20,3,3,2018,2018,EconSave
Chicken Drumstick,1kg,fresh,10.88,3.94,19,30,1,1,2018,2018,EconSave
Chicken Drumstick,1kg,fresh,11.99,3.91,23,3,3,4,2018,2018,EconSave
Chicken Drumstick,1kg,fresh,11.59,4.05,29,9,12,1,2017,2018,EconSave
Chipsmore Chunky,72g,snack,2.3,3.89,6,17,4,4,2018,2018,EconSave
Chipsmore Cookies,142.9/163.2gm,snack,2.6,3.91,23,3,3,4,2018,2018,EconSave
Ciku King Vietnam,1kg,fresh,9.99,3.91,23,3,3,4,2018,2018,EconSave
Cili Api Hijau ,1kg,ingredient,6.99,3.91,9,20,3,3,2018,2018,EconSave
Cili Api Hijau ,1kg,ingredient,8.99,4.05,29,9,12,1,2017,2018,EconSave
Cili Api Hijau ,1kg,ingredient,7.59,3.89,6,17,4,4,2018,2018,EconSave
Cili Kering,1kg,fresh,9.9,3.91,9,20,3,3,2018,2018,EconSave
Clorox Bleach,2x1l,house,5.88,3.94,19,30,1,1,2018,2018,EconSave
Cloud 9 Snacks's Bar ,20'sx12g,snack,5.15,4.05,29,9,12,1,2017,2018,EconSave
Cloud 9 Snacks's Bar ,20'sx12g,snack,4.2,3.89,6,17,4,4,2018,2018,EconSave
Cloud 9 Snacks's Bar ,3x45g,snack,1.88,3.94,19,30,1,1,2018,2018,EconSave
Cloud 9 Snacks's Bar ,10x14gm,snack,1.8,3.91,9,20,3,3,2018,2018,EconSave
Cloud 9 Snacks's Bar ,45g,snack,1.9,3.89,20,1,4,5,2018,2018,EconSave
Coca-cola Regular,24.320ml,drink,23.88,3.94,19,30,1,1,2018,2018,EconSave
Cocon Pudding,12'sx80gm,snack,8.9,3.91,23,3,3,4,2018,2018,EconSave
Cocon Pudding,12'sx80g,snack,8.88,3.94,19,30,1,1,2018,2018,EconSave
Coke Carbonated Drink,1.5l,drink,2.75,3.89,6,17,4,4,2018,2018,EconSave
Colgate Plax Mouthwash,1l,toilet,15.88,3.94,19,30,1,1,2018,2018,EconSave
Colgate Slim Soft Toothbrush,4's,toilet,10.9,3.91,9,20,3,3,2018,2018,EconSave
Colgate Slim Soft Toothbrush,4's,toilet,6.9,3.89,6,17,4,4,2018,2018,EconSave
Colgate Toothpaste,2x(225/250gm),toilet,13.5,3.91,23,3,3,4,2018,2018,EconSave
Colgate Toothpaste,2x250g,toilet,14.88,3.94,19,30,1,1,2018,2018,EconSave
Colgate Toothpaste,2x250g,toilet,14.8,3.89,20,1,4,5,2018,2018,EconSave
Colgate Total Toothpaste,2x150gm,toilet,13.5,3.91,9,20,3,3,2018,2018,EconSave
Comfort Fabric Softner,800ml,house,7.28,3.94,19,30,1,1,2018,2018,EconSave
CP Chicken Roll,700gm,snack,11.5,3.91,23,3,3,4,2018,2018,EconSave
CP Chicken Roll,700gm,snack,9.9,3.91,9,20,3,3,2018,2018,EconSave
Daging Import,1kg,fresh,19.88,3.94,19,30,1,1,2018,2018,EconSave
Daging Import,1kg,fresh,17.9,3.91,23,3,3,4,2018,2018,EconSave
Daging Import,1kg,fresh,19.9,3.91,9,20,3,3,2018,2018,EconSave
Daging Import,1kg,fresh,17.9,3.89,20,1,4,5,2018,2018,EconSave
Dahfa Dried Fish Fillet ,120g,fresh,5.9,3.89,20,1,4,5,2018,2018,EconSave
Dahfa Dried Fish Fillet ,120g,fresh,5.98,3.94,19,30,1,1,2018,2018,EconSave
Daia Power Detergent ,2.4kg,house,11.9,4.05,29,9,12,1,2017,2018,EconSave
Dairy Champ Sweetened Creamer,4x500g,drink,9.88,3.94,19,30,1,1,2018,2018,EconSave
Daisy Peanut Butter,340g,ingredient,6.5,3.89,20,1,4,5,2018,2018,EconSave
Darlie Double Action Toothpaste,2x225g,toilet,12.9,3.89,6,17,4,4,2018,2018,EconSave
Darlie Double Action Toothpaste,2x(180-225gm),toilet,13.9,3.91,9,20,3,3,2018,2018,EconSave
Darlie Toothbrush,3's,toilet,9.5,3.89,20,1,4,5,2018,2018,EconSave
Darlie Toothbrush,2's +1's,toilet,8.9,4.05,29,9,12,1,2017,2018,EconSave
Daun Sup ,1kg,ingredient,8.99,3.91,9,20,3,3,2018,2018,EconSave
Daun Sup ,1kg,ingredient,10.99,4.05,29,9,12,1,2017,2018,EconSave
Defrost Cooled ,Tripe1kg,fresh,15.99,4.05,29,9,12,1,2017,2018,EconSave
Delfi Cha Cha,40g,snack,2.5,3.89,20,1,4,5,2018,2018,EconSave
Delica 3in1,15x(36/40gm),drink,11.9,3.91,23,3,3,4,2018,2018,EconSave
Delica 3in1,12'sx40g,drink,11.9,3.89,20,1,4,5,2018,2018,EconSave
Della Italia Spahetti,500g,ingredient,3.8,3.89,6,17,4,4,2018,2018,EconSave
Depex Powder Detergent,2.5kg,house,6.88,3.94,19,30,1,1,2018,2018,EconSave
Dettol Bar Soap,4x105g,toilet,7.58,3.94,19,30,1,1,2018,2018,EconSave
Dettol Bar Soap,(3+1)x105gm,toilet,6.9,3.91,23,3,3,4,2018,2018,EconSave
Dettol Multipurpose Cleaner,1.5l,house,10.9,3.91,23,3,3,4,2018,2018,EconSave
Dettol Shower Foam,2x950ml,toilet,18.9,3.89,6,17,4,4,2018,2018,EconSave
Dettol Shower Foam,950/850ml,toilet,14.9,3.91,9,20,3,3,2018,2018,EconSave
Dettol Shower Foam,106g,toilet,6.9,3.89,20,1,4,5,2018,2018,EconSave
Dettol Shower Foam,900ml,toilet,9.5,4.05,29,9,12,1,2017,2018,EconSave
Diapex Wonder Pants Super Jumbo ,M60/L50/XL40/XXL32,toilet,28.5,3.91,23,3,3,4,2018,2018,EconSave
Diapex Wonder Pants Super Jumbo ,M60 + 4's,toilet,27.9,4.05,29,9,12,1,2017,2018,EconSave
Diapex Wonder Pants Super Jumbo ,L50 + 4's,toilet,27.9,4.05,29,9,12,1,2017,2018,EconSave
Diapex Wonder Pants Super Jumbo ,XL40 + 4's,toilet,27.9,4.05,29,9,12,1,2017,2018,EconSave
Diapex Wonder Pants Super Jumbo ,XXL32 + 4's,toilet,27.9,4.05,29,9,12,1,2017,2018,EconSave
Disney Swiss Roll,8x20gm,snack,1.95,3.91,9,20,3,3,2018,2018,EconSave
Dove Conditional,375ml,toilet,9.88,3.94,19,30,1,1,2018,2018,EconSave
Dove Shampoo,330ml,toilet,9.88,3.94,19,30,1,1,2018,2018,EconSave
Downy Fabric Softener,900ml,house,8.5,3.91,9,20,3,3,2018,2018,EconSave
Downy Fabric Softener,900ml,house,7.9,4.05,29,9,12,1,2017,2018,EconSave
Downy Fabric Softener,1.5l,house,13.5,3.89,6,17,4,4,2018,2018,EconSave
Downy Fabric Softener,900ml,house,7.88,3.94,19,30,1,1,2018,2018,EconSave
Drinho Asian Drink,6x250ml,drink,3.9,3.91,23,3,3,4,2018,2018,EconSave
Drinho Asian Drink,24x250ml,drink,14.38,3.94,19,30,1,1,2018,2018,EconSave
Drinho Asian Drink,1l,drink,2.1,4.05,29,9,12,1,2017,2018,EconSave
Drinho Asian Drink,1l,drink,2.15,3.89,6,17,4,4,2018,2018,EconSave
Drinho Homesoy,6x250ml,drink,4.4,3.91,9,20,3,3,2018,2018,EconSave
Drinho Homesoy,6x260ml,drink,3.9,3.89,20,1,4,5,2018,2018,EconSave
Dry Apricot,200g,snack,8.88,3.94,19,30,1,1,2018,2018,EconSave
Drypers Classic Family Pack,S82,toilet,59.9,3.89,20,1,4,5,2018,2018,EconSave
Drypers Classic Family Pack,M74,toilet,59.9,3.89,20,1,4,5,2018,2018,EconSave
Drypers Classic Family Pack,L62,toilet,59.9,3.89,20,1,4,5,2018,2018,EconSave
Drypers Classic Family Pack,XL50,toilet,59.9,3.89,20,1,4,5,2018,2018,EconSave
Drypers Classic Family Pack,XXL40,toilet,59.9,3.89,20,1,4,5,2018,2018,EconSave
Drypers Classic Family Pack,M60,toilet,58.9,3.89,20,1,4,5,2018,2018,EconSave
Drypers Classic Family Pack,L48,toilet,58.9,3.89,20,1,4,5,2018,2018,EconSave
Drypers Classic Family Pack,XL42,toilet,58.9,3.89,20,1,4,5,2018,2018,EconSave
Drypers Classic Family Pack,XXL36,toilet,58.9,3.89,20,1,4,5,2018,2018,EconSave
Drypers Classic Family Pack,750ml,toilet,10.5,3.91,23,3,3,4,2018,2018,EconSave
Drypers Classic Family Pack,S82,toilet,24.88,3.94,19,30,1,1,2018,2018,EconSave
Drypers Classic Family Pack,M72,toilet,24.88,3.94,19,30,1,1,2018,2018,EconSave
Drypers Classic Family Pack,L60,toilet,24.88,3.94,19,30,1,1,2018,2018,EconSave
Drypers Classic Family Pack,XL50,toilet,24.88,3.94,19,30,1,1,2018,2018,EconSave
Drypers Classic Family Pack,XXL42,toilet,24.88,3.94,19,30,1,1,2018,2018,EconSave
Drypers Classic Family Pack,S82,toilet,25.9,3.91,23,3,3,4,2018,2018,EconSave
Drypers Classic Family Pack,M72,toilet,25.9,3.91,23,3,3,4,2018,2018,EconSave
Drypers Classic Family Pack,L60,toilet,25.9,3.91,23,3,3,4,2018,2018,EconSave
Drypers Classic Family Pack,XL50,toilet,25.9,3.91,23,3,3,4,2018,2018,EconSave
Drypers Classic Family Pack,XXL42,toilet,25.9,3.91,23,3,3,4,2018,2018,EconSave
Drypers Classic Family Pack,M60,toilet,27.9,4.05,29,9,12,1,2017,2018,EconSave
Drypers Classic Family Pack,L48,toilet,27.9,4.05,29,9,12,1,2017,2018,EconSave
Drypers Classic Family Pack,XL42,toilet,27.9,4.05,29,9,12,1,2017,2018,EconSave
Drypers Classic Family Pack,XXL36,toilet,27.9,4.05,29,9,12,1,2017,2018,EconSave
Drypers Classic Family Pack,M58,toilet,24.5,3.89,6,17,4,4,2018,2018,EconSave
Drypers Classic Family Pack,L48,toilet,24.5,3.89,6,17,4,4,2018,2018,EconSave
Drypers Classic Family Pack,XL44,toilet,24.5,3.89,6,17,4,4,2018,2018,EconSave
Drypers Classic Family Pack,XXL36,toilet,24.5,3.89,6,17,4,4,2018,2018,EconSave
Drypers Classic Family Pack,M60/L48/XL42/XXL36,toilet,29.5,3.91,23,3,3,4,2018,2018,EconSave
Dugro Growing Up Milk Powder,900g,drink,26.9,3.89,20,1,4,5,2018,2018,EconSave
Dugro Growing Up Milk Powder,900g,drink,22.88,3.94,19,30,1,1,2018,2018,EconSave
Dutch Lady Milk ,900gm,drink,19.9,3.91,23,3,3,4,2018,2018,EconSave
Dutch Lady Milk ,3x900g,drink,59.9,4.05,29,9,12,1,2017,2018,EconSave
Dutch Lady Milk ,4x125ml,drink,3.95,4.05,29,9,12,1,2017,2018,EconSave
Dutch Lady Milk ,3x1l,drink,14.5,3.89,6,17,4,4,2018,2018,EconSave
Dutch Lady Milk ,8x200ml,drink,7.58,3.94,19,30,1,1,2018,2018,EconSave
Dutch Lady Milk ,500g,drink,19.9,3.89,20,1,4,5,2018,2018,EconSave
Dutch Lady Milk ,3x1l,drink,14.5,3.91,9,20,3,3,2018,2018,EconSave
Dynamo Liquid Power Gel,3kg,house,19.9,3.89,6,17,4,4,2018,2018,EconSave
Dynamo Liquid Power Gel ,2.7kg,house,18.9,4.05,29,9,12,1,2017,2018,EconSave
Dynamo Liquid Power Gel ,2.3kg,house,12.9,3.89,20,1,4,5,2018,2018,EconSave
Dynamo Liquid Power Gel ,2.7/3kg,house,19.9,3.91,9,20,3,3,2018,2018,EconSave
Dynamo Liquid Power Gel ,1.6kg,house,12.6,3.89,20,1,4,5,2018,2018,EconSave
Dynasty Thai Fragrant Rice,10kg,ingredient,36.5,3.89,6,17,4,4,2018,2018,EconSave
Econsave 100% Pure Pulp Kitchen Towel,6x75's,toilet,10.88,3.94,19,30,1,1,2018,2018,EconSave
Econsave 2 in 1 Kopi O,10's20g,drink,5.9,3.89,20,1,4,5,2018,2018,EconSave
Econsave 2 in 1 Kopi O,-,drink,8.5,4.05,29,9,12,1,2017,2018,EconSave
Econsave 2 in 1 Kopi O,20'sx30g,drink,7.9,3.89,20,1,4,5,2018,2018,EconSave
Econsave Adult Toothbrush,5+2's,toilet,7.9,3.91,9,20,3,3,2018,2018,EconSave
Econsave Agar-Agar,37.5g,ingredient,3.98,3.94,19,30,1,1,2018,2018,EconSave
Econsave All Purpose Cleaner,2l,house,6.9,3.91,9,20,3,3,2018,2018,EconSave
Econsave All Purpose Cleaner,2l,house,6.9,4.05,29,9,12,1,2017,2018,EconSave
Econsave All Purpose Cleaner,2l,house,6.88,3.94,19,30,1,1,2018,2018,EconSave
Econsave Baby Body Wash,1l,toilet,10.9,3.91,23,3,3,4,2018,2018,EconSave
Econsave Baby Cologne,125+25ml,toilet,3.5,3.91,23,3,3,4,2018,2018,EconSave
Econsave Baby Diapers ,S84/M74/L62/XL52,toilet,25.9,3.91,23,3,3,4,2018,2018,EconSave
Econsave Baby Lotion,500ml,toilet,7.9,3.91,23,3,3,4,2018,2018,EconSave
Econsave Baby Oil,50ml,toilet,2.3,3.91,23,3,3,4,2018,2018,EconSave
Econsave Baby Powder,2x500gm,toilet,7.9,3.91,23,3,3,4,2018,2018,EconSave
Econsave Baby Powder,2x500g,toilet,8.88,3.94,19,30,1,1,2018,2018,EconSave
Econsave Baby Shampoo,100ml,toilet,2.5,3.91,23,3,3,4,2018,2018,EconSave
Econsave Baby Wipes,2x80's,toilet,7.5,3.91,23,3,3,4,2018,2018,EconSave
Econsave Baby Wipes,2x30's,toilet,3.3,3.89,20,1,4,5,2018,2018,EconSave
Econsave Bihun,3kg,ingredient,10.9,3.89,6,17,4,4,2018,2018,EconSave
Econsave Bihun,3kg,ingredient,10.9,4.05,29,9,12,1,2017,2018,EconSave
Econsave Bleach,2x1l,house,3.68,3.94,19,30,1,1,2018,2018,EconSave
Econsave Charcoal Roasted White Coffee,15x40gm,drink,8.9,3.91,9,20,3,3,2018,2018,EconSave
Econsave Charcoal Roasted White Coffee,15'sx40g,drink,8.5,4.05,29,9,12,1,2017,2018,EconSave
EconSave Chicken Frankfurter ,300g,fresh,2.5,4.05,29,9,12,1,2017,2018,EconSave
Econsave Chili/Tomato Sauce,3kg,ingredient,7.9,3.89,6,17,4,4,2018,2018,EconSave
Econsave Chili/Tomato Sauce,1kg,ingredient,3.58,3.94,19,30,1,1,2018,2018,EconSave
Econsave Chili/Tomato Sauce,1kg,ingredient,3.7,4.05,29,9,12,1,2017,2018,EconSave
Econsave Chili/Tomato Sauce,340gm,ingredient,1.95,3.91,23,3,3,4,2018,2018,EconSave
Econsave Chili/Tomato Sauce,1kg,ingredient,3.5,3.91,9,20,3,3,2018,2018,EconSave
Econsave Choco Malt Drink,2kg+200gm,drink,22.9,3.91,9,20,3,3,2018,2018,EconSave
Econsave Cocopuff ,450g,snack,4.95,3.89,6,17,4,4,2018,2018,EconSave
Econsave Compact Tioilet Rolls ,10x350's,toilet,8.9,4.05,29,9,12,1,2017,2018,EconSave
Econsave Compact Tioilet Rolls ,10x350's,toilet,8.5,3.89,6,17,4,4,2018,2018,EconSave
Econsave Compact Tioilet Rolls ,10x350's,toilet,9.5,3.89,20,1,4,5,2018,2018,EconSave
Econsave Compact Tioilet Rolls ,10x350's,toilet,8.88,3.94,19,30,1,1,2018,2018,EconSave
EconSave Cooking Oil,3kg,ingredient,18.9,3.89,6,17,4,4,2018,2018,EconSave
EconSave Cooking Oil,3kg,ingredient,17.88,3.94,19,30,1,1,2018,2018,EconSave
EconSave Cooking Oil,5kg,ingredient,18.9,3.91,9,20,3,3,2018,2018,EconSave
EconSave Cooking Oil,5kg,ingredient,18.9,3.89,20,1,4,5,2018,2018,EconSave
EconSave Cooking Oil,5kg,ingredient,19.5,4.05,29,9,12,1,2017,2018,EconSave
Econsave Cordial,1l,drink,3.75,3.89,6,17,4,4,2018,2018,EconSave
Econsave Cream Crackers,400gm,snack,2.7,3.91,9,20,3,3,2018,2018,EconSave
Econsave Cream Crackers,400g,snack,2.7,3.89,20,1,4,5,2018,2018,EconSave
Econsave Cuddles Adult's Cat Snack ,1.5kg,snack,12.5,4.05,29,9,12,1,2017,2018,EconSave
Econsave Cuddles Adult's Cat Snack ,3kg,snack,23.9,3.89,6,17,4,4,2018,2018,EconSave
Econsave Dishwashing Liquid,900ml,house,2.68,3.94,19,30,1,1,2018,2018,EconSave
Econsave Dishwashing Liquid,900ml,house,2.6,3.91,23,3,3,4,2018,2018,EconSave
Econsave Dishwashing Liquid,900ml,house,2.5,3.91,9,20,3,3,2018,2018,EconSave
Econsave Dishwashing Liquid,2x400gm,house,3.5,3.91,23,3,3,4,2018,2018,EconSave
Econsave Dishwashing Liquid,800g,house,3.2,4.05,29,9,12,1,2017,2018,EconSave
Econsave Disposale Kitchen Towels,6x70's,house,8.5,3.89,20,1,4,5,2018,2018,EconSave
Econsave Disposale Kitchen Towels,2x70's,house,3.3,3.91,23,3,3,4,2018,2018,EconSave
Econsave Dory Fillet,1kg,fresh,12.5,3.89,6,17,4,4,2018,2018,EconSave
Econsave Fabric Softener,3l+300ml,house,7.5,3.91,9,20,3,3,2018,2018,EconSave
Econsave Fabric Softener,2l,house,5.9,3.89,20,1,4,5,2018,2018,EconSave
Econsave Facial Tissue ,4x200's,toilet,6.5,4.05,29,9,12,1,2017,2018,EconSave
Econsave Frankfurter Ayam,300gm,fresh,2.3,3.91,9,20,3,3,2018,2018,EconSave
Econsave Frankfurter Ayam,300g,fresh,2.35,3.89,20,1,4,5,2018,2018,EconSave
Econsave French Fries,1kg,fresh,5.5,3.89,20,1,4,5,2018,2018,EconSave
Econsave Freshmint Toothbrush,2x250g,toilet,6.88,3.94,19,30,1,1,2018,2018,EconSave
Econsave Fruit Drink Base,1l,drink,8.5,3.89,20,1,4,5,2018,2018,EconSave
Econsave Glass Cleaner,2x500ml,house,6.88,3.94,19,30,1,1,2018,2018,EconSave
Econsave Hair Shampoo,1l,toilet,6.5,3.89,6,17,4,4,2018,2018,EconSave
Econsave Hand Wash,500ml,toilet,3.7,3.89,20,1,4,5,2018,2018,EconSave
Econsave Happy Star,450g,snack,4.95,3.89,6,17,4,4,2018,2018,EconSave
Econsave Ice Confections,1.5l,snack,5.5,3.91,23,3,3,4,2018,2018,EconSave
Econsave Ice Confections,1.5l,snack,5.5,3.89,20,1,4,5,2018,2018,EconSave
Econsave Kitchen Towel ,6x70's,toilet,9.5,4.05,29,9,12,1,2017,2018,EconSave
Econsave Kopi O,20's10g,drink,4.58,3.94,19,30,1,1,2018,2018,EconSave
Econsave Kopi O,20x10gm,drink,4.5,3.91,9,20,3,3,2018,2018,EconSave
Econsave Laksa,400gm,ingredient,1.85,3.91,23,3,3,4,2018,2018,EconSave
Econsave Longan,565g,ingredient,3.68,3.94,19,30,1,1,2018,2018,EconSave
Econsave Lychees,567g,ingredient,2.88,3.94,19,30,1,1,2018,2018,EconSave
Econsave Mackerel In Tomato Sauce,425gm,ingredient,2.95,3.91,9,20,3,3,2018,2018,EconSave
Econsave Marie Biscuits,300g,snack,2.8,3.89,6,17,4,4,2018,2018,EconSave
Econsave Monosodium,1kg,ingredient,8.5,3.91,23,3,3,4,2018,2018,EconSave
Econsave Mosaic Cleaner,1l,house,4.88,3.94,19,30,1,1,2018,2018,EconSave
Econsave Natural Mint Toothpaste,2x250g,toilet,7.5,3.89,6,17,4,4,2018,2018,EconSave
Econsave Natural Mint Toothpaste,2x250g,toilet,7.5,3.89,6,17,4,4,2018,2018,EconSave
Econsave Natural Mint Toothpaste,2x250gm,toilet,7.5,3.91,9,20,3,3,2018,2018,EconSave
Econsave Non Fried Noodles,550g,ingredient,3.28,3.94,19,30,1,1,2018,2018,EconSave
EconSave Oyster Flavoured Sauce,510g,ingredient,3.5,3.89,6,17,4,4,2018,2018,EconSave
EconSave Oyster Flavoured Sauce,255gm,ingredient,2.25,3.91,23,3,3,4,2018,2018,EconSave
Econsave Paper Handkerchief,10x10's,toilet,2.2,3.89,6,17,4,4,2018,2018,EconSave
Econsave Peanut Butter ,510gm,ingredient,7.9,3.91,23,3,3,4,2018,2018,EconSave
Econsave Peanut Butter ,340g,ingredient,6.5,4.05,29,9,12,1,2017,2018,EconSave
Econsave Perfume Talcum,250g,toilet,5.88,3.94,19,30,1,1,2018,2018,EconSave
Econsave Powder Detergent,2.5kg,house,7.5,3.91,23,3,3,4,2018,2018,EconSave
Econsave Powder Detergent,2.5kg,house,7.5,4.05,29,9,12,1,2017,2018,EconSave
Econsave Roti Parantha,400gm,snack,4.25,3.91,23,3,3,4,2018,2018,EconSave
Econsave Sardine in Tomato Sauce ,425g,ingredient,3.25,4.05,29,9,12,1,2017,2018,EconSave
Econsave Shampoo,1l,toilet,6.5,3.91,23,3,3,4,2018,2018,EconSave
Econsave Shower Cream,1l,toilet,4.9,3.89,6,17,4,4,2018,2018,EconSave
Econsave Shower Cream,850ml,toilet,4.68,3.94,19,30,1,1,2018,2018,EconSave
Econsave Shower Cream,1l,toilet,4.9,3.91,9,20,3,3,2018,2018,EconSave
Econsave Shower Cream,650ml,toilet,4.5,3.89,20,1,4,5,2018,2018,EconSave
Econsave Soft Toilet Tissues,10x200's,toilet,5.5,3.91,23,3,3,4,2018,2018,EconSave
Econsave Spring Roll Pastry ,500g,fresh,3.68,3.94,19,30,1,1,2018,2018,EconSave
Econsave Straw Mushroom ,425g,ingredient,2.88,3.94,19,30,1,1,2018,2018,EconSave
Econsave Super Value Pack,3x900ml,house,6.9,3.89,6,17,4,4,2018,2018,EconSave
EconSAve Sweetened Creamer ,6x500gm,ingredient,13.5,3.91,23,3,3,4,2018,2018,EconSave
EconSAve Sweetened Creamer ,500gm,ingredient,2.3,3.91,9,20,3,3,2018,2018,EconSave
EconSAve Sweetened Creamer ,500g,ingredient,2.25,3.89,20,1,4,5,2018,2018,EconSave
EconSAve Sweetened Creamer ,500g,ingredient,2.3,4.05,29,9,12,1,2017,2018,EconSave
Econsave Tea Potbag,(80+20)x2gm,drink,5.5,3.91,9,20,3,3,2018,2018,EconSave
Econsave Toilet Blue Bowl,6x50g,house,2.68,3.94,19,30,1,1,2018,2018,EconSave
Econsave Toilet Bowl Cleaner,2x500ml,house,6.88,3.94,19,30,1,1,2018,2018,EconSave
Econsave Toilet Rolls,10x150's,toilet,7.5,3.91,9,20,3,3,2018,2018,EconSave
EconSave Tomato Sauce,3kg,ingredient,7.9,3.89,6,17,4,4,2018,2018,EconSave
EconSave Tomato Sauce,1kg,ingredient,3.58,3.94,19,30,1,1,2018,2018,EconSave
Econsave Tongkat Ali & Ginseng 5 In1 ,20'sx30g,drink,10.5,4.05,29,9,12,1,2017,2018,EconSave
Econsave Toothbrush,4's,toilet,5.88,3.94,19,30,1,1,2018,2018,EconSave
Econsave Toothbrush,3's,toilet,4.9,3.89,20,1,4,5,2018,2018,EconSave
Econsave Whole King Lychees,567g,ingredient,4.38,3.94,19,30,1,1,2018,2018,EconSave
EconSave Whole Mushrooms,425g,ingredient,2.9,3.89,6,17,4,4,2018,2018,EconSave
Egypt Lemon ,1pcs,ingredient,1.19,4.05,29,9,12,1,2017,2018,EconSave
Egypt Lemon ,5pcs,ingredient,3.9,3.89,6,17,4,4,2018,2018,EconSave
Egypt Oren Valencia,5pcs,fresh,4.9,3.91,9,20,3,3,2018,2018,EconSave
Elisen Light Soy Sauce,750ml,ingredient,4.3,3.91,9,20,3,3,2018,2018,EconSave
Emborc Processed Slice Cheese,3s200g,fresh,18.9,3.89,20,1,4,5,2018,2018,EconSave
Emborg Cokk & Bake,250g,fresh,4.68,3.94,19,30,1,1,2018,2018,EconSave
Emborg Cokk & Bake,1kg,fresh,5.88,3.94,19,30,1,1,2018,2018,EconSave
Emborg Cokk & Bake,1kg,fresh,5.9,3.91,23,3,3,4,2018,2018,EconSave
Emborg Cokk & Bake,1kg,fresh,5.9,3.89,20,1,4,5,2018,2018,EconSave
Embory Processed Sliced Cheese,3x200gm,snack,18.5,3.91,23,3,3,4,2018,2018,EconSave
Ena Kicap Lemak,655ml,ingredient,4.9,3.89,20,1,4,5,2018,2018,EconSave
Enchanteur Perfume Talcum,250g,toilet,8.88,3.94,19,30,1,1,2018,2018,EconSave
Epal Fuji,1pcs,ingredient,1.79,3.91,9,20,3,3,2018,2018,EconSave
Epal Fuji,1pcs,ingredient,1.79,3.89,20,1,4,5,2018,2018,EconSave
Epal Fuji,5pcs,ingredient,5.9,4.05,29,9,12,1,2017,2018,EconSave
Eva Honey,500g,ingredient,7.88,3.94,19,30,1,1,2018,2018,EconSave
Exonsave Dishwashing Paste,800g,house,3.2,3.89,6,17,4,4,2018,2018,EconSave
F&N Carbonated Drink,1.5l,drink,2.65,3.89,6,17,4,4,2018,2018,EconSave
F&N Carbonated Drink,500gm,drink,2.35,3.91,9,20,3,3,2018,2018,EconSave
F&N Hi-Cal Sweetened Creamer ,500g,ingredient,2.8,4.05,29,9,12,1,2017,2018,EconSave
F&N Hi-Cal Sweetened Creamer ,500gm,ingredient,2.7,3.91,23,3,3,4,2018,2018,EconSave
Fab Powder Detergent,2.1/2.3kg,house,9.99,3.91,23,3,3,4,2018,2018,EconSave
Fab Powder Detergent,3.3/3.6kg,house,5.8,3.91,9,20,3,3,2018,2018,EconSave
Faiz Mughal,5kg,ingredient,38.5,3.89,20,1,4,5,2018,2018,EconSave
Fanta ,1.5l,drink,2.3,3.89,20,1,4,5,2018,2018,EconSave
Fanta ,1.5l,drink,2.4,4.05,29,9,12,1,2017,2018,EconSave
Farm's Best Chicken Ball,850gm,snack,8.9,3.91,23,3,3,4,2018,2018,EconSave
Farm's Best Chicken Cocktail,500g,fresh,7.28,3.94,19,30,1,1,2018,2018,EconSave
Farm's Best Crispy Chcken Nuggets ,500g,fresh,7.9,3.89,6,17,4,4,2018,2018,EconSave
Farm's Best Crispy Chcken Nuggets ,850gm,fresh,7.9,3.91,9,20,3,3,2018,2018,EconSave
Farm's Best Crispy Chcken Nuggets ,1kg,fresh,8.5,3.89,20,1,4,5,2018,2018,EconSave
Farm's Best Crispy Chcken Nuggets ,850g,fresh,7.9,4.05,29,9,12,1,2017,2018,EconSave
Farm's Best Smoked Frankfurter,340g,fresh,2.58,3.94,19,30,1,1,2018,2018,EconSave
Farnleaf UHT Milk,(3+1)x200ml,drink,3.9,3.91,23,3,3,4,2018,2018,EconSave
Fernleaf CalciYum Multipack,2x(5x110ml),snack,6.9,3.91,9,20,3,3,2018,2018,EconSave
Fernleaf CalciYum Multipack,2(4x60g),snack,6.9,4.05,29,9,12,1,2017,2018,EconSave
Fernleaf CalciYum Multipack,5x110ml,snack,6.9,3.89,6,17,4,4,2018,2018,EconSave
Fernleaf CalciYum Multipack,2x60g,snack,6.88,3.94,19,30,1,1,2018,2018,EconSave
Fernleaf CalciYum Multipack,2x(4x60gm),snack,7.5,3.91,23,3,3,4,2018,2018,EconSave
Fernleaf Family Milk Powder ,1.8kg,drink,34.8,4.05,29,9,12,1,2017,2018,EconSave
Fernleaf Family Milk Powder ,900gm,drink,23.9,3.91,9,20,3,3,2018,2018,EconSave
Fernleaf Family Milk Powder ,900gm,drink,18.9,3.91,23,3,3,4,2018,2018,EconSave
Fernleaf Family Milk Powder ,1.8kg,drink,36.9,3.89,20,1,4,5,2018,2018,EconSave
Figo Cuttlefish Ball,400g,fresh,6.58,3.94,19,30,1,1,2018,2018,EconSave
Figo Golden Chips,500gm,snack,5.9,3.91,23,3,3,4,2018,2018,EconSave
Figo Steamboat Choice ,500g,fresh,7.9,4.05,29,9,12,1,2017,2018,EconSave
First Pride Golden Fried Chicken ,750g,fresh,11.5,4.05,29,9,12,1,2017,2018,EconSave
Fitti Baby Diapers Jumbo Pack,S84,toilet,23.9,3.89,6,17,4,4,2018,2018,EconSave
Fitti Baby Diapers Jumbo Pack,M72,toilet,23.9,3.89,6,17,4,4,2018,2018,EconSave
Fitti Baby Diapers Jumbo Pack,L60,toilet,23.9,3.89,6,17,4,4,2018,2018,EconSave
Fitti Baby Diapers Jumbo Pack,XL52,toilet,23.9,3.89,6,17,4,4,2018,2018,EconSave
Fitti Baby Diapers Jumbo Pack,S84,toilet,23.9,3.89,6,17,4,4,2018,2018,EconSave
Fitti Baby Diapers Jumbo Pack,M72,toilet,23.9,3.89,6,17,4,4,2018,2018,EconSave
Fitti Baby Diapers Jumbo Pack,L60,toilet,23.9,3.89,6,17,4,4,2018,2018,EconSave
Fitti Baby Diapers Jumbo Pack,XL52,toilet,23.9,3.89,6,17,4,4,2018,2018,EconSave
Fitti Baby Diapers Jumbo Pack,S84,toilet,23.88,3.94,19,30,1,1,2018,2018,EconSave
Fitti Baby Diapers Jumbo Pack,M72,toilet,23.88,3.94,19,30,1,1,2018,2018,EconSave
Fitti Baby Diapers Jumbo Pack,L60,toilet,23.88,3.94,19,30,1,1,2018,2018,EconSave
Fitti Baby Diapers Jumbo Pack,XL52,toilet,23.88,3.94,19,30,1,1,2018,2018,EconSave
Fitti Baby Diapers Jumbo Pack,S84/M72/L60/XL52,toilet,23.9,3.91,9,20,3,3,2018,2018,EconSave
Floral Fragrant Rice,10kg,ingredient,37.68,3.94,19,30,1,1,2018,2018,EconSave
Floral Fragrant Rice,10kg,ingredient,38.95,3.89,20,1,4,5,2018,2018,EconSave
Follow Me Antibacterial Body Wash,1l,toilet,9.88,3.94,19,30,1,1,2018,2018,EconSave
Follow Me Antibacterial Body Wash,1l,toilet,6.88,3.94,19,30,1,1,2018,2018,EconSave
Follow Me Green Tea Conditioner,650ml,toilet,13.88,3.94,19,30,1,1,2018,2018,EconSave
Follow Me Green Tea Conditioner,650ml,toilet,13.88,3.94,19,30,1,1,2018,2018,EconSave
Follow Me Iced Perfume Shampoo,960ml,toilet,8.88,3.94,19,30,1,1,2018,2018,EconSave
Follow Me Iced Perfume Shampoo,960ml,toilet,8.88,3.94,19,30,1,1,2018,2018,EconSave
Follow Me Iced Perfume Shampoo,960ml,toilet,8.88,3.94,19,30,1,1,2018,2018,EconSave
Follow Me Iced Perfume Shampoo,960ml,toilet,8.88,3.94,19,30,1,1,2018,2018,EconSave
FQ Slice,900g,fresh,13.59,3.89,6,17,4,4,2018,2018,EconSave
FQ Slice,900g,fresh,14.99,4.05,29,9,12,1,2017,2018,EconSave
Fresh Nature Fruit Cocktail,825g,ingredient,5.88,3.94,19,30,1,1,2018,2018,EconSave
Friskies Cat Snack ,1.2kg,snack,10.9,4.05,29,9,12,1,2017,2018,EconSave
Friskies Cat Snack ,3kg,snack,25.9,3.89,6,17,4,4,2018,2018,EconSave
Friso Gold -3,1.2kg,drink,68.8,3.91,23,3,3,4,2018,2018,EconSave
Friso Gold -3,1.2kg,drink,61.5,3.91,23,3,3,4,2018,2018,EconSave
Frusler Shower Cream ,2x1l,toilet,9.5,4.05,29,9,12,1,2017,2018,EconSave
Fumakila Vape,2x600ml,house,13.58,3.94,19,30,1,1,2018,2018,EconSave
Fusipim Breaded Crab Drumstick,600gm,snack,5.9,3.91,23,3,3,4,2018,2018,EconSave
Fusipim Fish Burger,500gm,snack,5.9,3.91,23,3,3,4,2018,2018,EconSave
Fusipim Fried Fish Ball,900gm,snack,7.9,3.91,9,20,3,3,2018,2018,EconSave
Garnier Man Turbo Light Oil Foam - Facial Foam,100ml,toilet,11.9,3.89,6,17,4,4,2018,2018,EconSave
Garnier Serum Mask,32g,toilet,4.5,3.89,20,1,4,5,2018,2018,EconSave
Gatsby Water Gloss ,300g,toilet,7.9,4.05,29,9,12,1,2017,2018,EconSave
Genki Pants Mega Pack,M60,toilet,29.8,3.91,23,3,3,4,2018,2018,EconSave
Genki Pants Mega Pack,L50,toilet,29.8,3.91,23,3,3,4,2018,2018,EconSave
Genki Pants Mega Pack,XL44,toilet,29.8,3.91,23,3,3,4,2018,2018,EconSave
Genki Pants Mega Pack,XXL36,toilet,29.8,3.91,23,3,3,4,2018,2018,EconSave
Genki Tape,S82+5,toilet,29.8,3.89,6,17,4,4,2018,2018,EconSave
Genki Tape,M75,toilet,29.8,3.89,6,17,4,4,2018,2018,EconSave
Genki Tape,L62,toilet,29.8,3.89,6,17,4,4,2018,2018,EconSave
Genki Tape,Xl48,toilet,29.8,3.89,6,17,4,4,2018,2018,EconSave
Gervenne Shower Cream ,950ml,toilet,6.9,4.05,29,9,12,1,2017,2018,EconSave
Ghee Hiang Pure Sesame Oil,580ml,ingredient,16.88,3.94,19,30,1,1,2018,2018,EconSave
Ginvera World Spa,750ml,toilet,11.5,3.91,23,3,3,4,2018,2018,EconSave
Gio Dishwashing Liquid,900ml,house,3.98,3.94,19,30,1,1,2018,2018,EconSave
Gio Dishwashing Liquid,900ml,house,3.95,3.91,23,3,3,4,2018,2018,EconSave
Goo.N Baby Wipers,2x66's,toilet,6.28,3.94,19,30,1,1,2018,2018,EconSave
Goo.N Friend Super Jumbo Pants,M58,toilet,25.88,3.94,19,30,1,1,2018,2018,EconSave
Goo.N Friend Super Jumbo Pants,L48,toilet,25.88,3.94,19,30,1,1,2018,2018,EconSave
Goo.N Friend Super Jumbo Pants,XL42,toilet,25.88,3.94,19,30,1,1,2018,2018,EconSave
Goo.N Friend Super Jumbo Pants,XXL34,toilet,25.88,3.94,19,30,1,1,2018,2018,EconSave
Goo.N Friend Super Jumbo Pants,M60,toilet,37.88,3.94,19,30,1,1,2018,2018,EconSave
Goo.N Friend Super Jumbo Pants,L48,toilet,37.88,3.94,19,30,1,1,2018,2018,EconSave
Goo.N Friend Super Jumbo Pants,XL42,toilet,37.88,3.94,19,30,1,1,2018,2018,EconSave
Goo.N Friend Super Jumbo Pants,XXL34,toilet,37.88,3.94,19,30,1,1,2018,2018,EconSave
Goo.N Friend Super Jumbo Pants,M66,toilet,35.88,3.94,19,30,1,1,2018,2018,EconSave
Goo.N Friend Super Jumbo Pants,L56,toilet,35.88,3.94,19,30,1,1,2018,2018,EconSave
Goo.N Friend Super Jumbo Pants,XL50,toilet,35.88,3.94,19,30,1,1,2018,2018,EconSave
Goodmaid Cocorex Bleach,2x1kg,house,4.8,3.91,9,20,3,3,2018,2018,EconSave
Goodmaid Cocorex Bleach,1kg,house,2.95,3.89,20,1,4,5,2018,2018,EconSave
Goodmaid Power Detergent ,1.8l,house,4.58,3.94,19,30,1,1,2018,2018,EconSave
Goodmaid Power Detergent ,2.5kg,house,8.9,4.05,29,9,12,1,2017,2018,EconSave
Goody Pudding,6x80g,snack,4.9,3.89,20,1,4,5,2018,2018,EconSave
GPR Homemade Butter Cookies ,340g,snack,8.3,4.05,29,9,12,1,2017,2018,EconSave
Green Bamboo Red Dates,100g,ingredient,1.08,3.94,19,30,1,1,2018,2018,EconSave
Halia Tua China,1kg,fresh,4.59,3.91,23,3,3,4,2018,2018,EconSave
Harpic Toilet Bowl Cleaner ,500ml,house,9.5,4.05,29,9,12,1,2017,2018,EconSave
Harpic Toilet Bowl Cleaner ,2x500ml,house,8.7,3.89,6,17,4,4,2018,2018,EconSave
Harpic Toilet Bowl Cleaner ,2x500ml,house,8.88,3.94,19,30,1,1,2018,2018,EconSave
Head & Shoulder Shampoo,330ml,toilet,13.5,3.89,20,1,4,5,2018,2018,EconSave
Head & Shoulder Shampoo,330ml,toilet,15.5,3.89,20,1,4,5,2018,2018,EconSave
Hershey Cookies N Creme ,4'sx40g,snack,9.9,4.05,29,9,12,1,2017,2018,EconSave
Hershey Cookies N Creme ,56g,snack,3.9,3.89,6,17,4,4,2018,2018,EconSave
Hogomas Kuaci ,110g,snack,1.9,4.05,29,9,12,1,2017,2018,EconSave
Honey Chick Chicken Frankfurther,300g,fresh,2.5,3.89,6,17,4,4,2018,2018,EconSave
Hong Kong Kai Lan,1kg,ingredient,2.38,3.94,19,30,1,1,2018,2018,EconSave
Hong Kong Kai Lan,1pkt,ingredient,2.59,3.91,23,3,3,4,2018,2018,EconSave
Huggies Super Jumbo,S66/M60/L50/XL44/XXL36,toilet,28.9,3.91,23,3,3,4,2018,2018,EconSave
Hwa Tai Luxury Cream Sandwhich ,270-400gm,snack,2.8,3.91,9,20,3,3,2018,2018,EconSave
Hwa Tai Luxury Cream Sandwhich ,200g,snack,3.3,4.05,29,9,12,1,2017,2018,EconSave
Ikan Bawal Emas,1pcs,fresh,8.88,3.94,19,30,1,1,2018,2018,EconSave
Ikan Bawal Emas,500g,fresh,8.9,3.89,20,1,4,5,2018,2018,EconSave
Ikan Bawal Emas,1pcs,fresh,10.9,3.91,23,3,3,4,2018,2018,EconSave
Ikan Bilis Kasar,1kg,ingredient,42.9,3.89,20,1,4,5,2018,2018,EconSave
Ikan Bilis Kasar,1kg,ingredient,31.9,4.05,29,9,12,1,2017,2018,EconSave
Ikan Bilis Kasar,1kg,ingredient,18.9,3.89,6,17,4,4,2018,2018,EconSave
Ikan Bilis Kembong,1kg,fresh,15.9,3.91,9,20,3,3,2018,2018,EconSave
Ikan Bilis M,1kg,fresh,19.9,3.91,23,3,3,4,2018,2018,EconSave
Ikan Cencaru,1kg,fresh,7.99,3.89,6,17,4,4,2018,2018,EconSave
Ikan Cencaru,1kg,fresh,8.59,4.05,29,9,12,1,2017,2018,EconSave
Ikan Gelama,1kg,fresh,8.59,3.89,6,17,4,4,2018,2018,EconSave
Ikan Gelama,1kg,fresh,7.88,3.94,19,30,1,1,2018,2018,EconSave
Ikan Kembong,1kg,fresh,10.9,3.89,20,1,4,5,2018,2018,EconSave
Ikan Kerisi ,1kg,fresh,12.88,3.94,19,30,1,1,2018,2018,EconSave
Ikan Mabong,1kg,fresh,11.9,3.91,9,20,3,3,2018,2018,EconSave
Ikan Mabong,1kg,fresh,17.88,3.94,19,30,1,1,2018,2018,EconSave
Ikan Masin Bulu Ayam,1kg,fresh,18.9,3.91,9,20,3,3,2018,2018,EconSave
Ikan Masin Kembong ,1kg,fresh,10.9,4.05,29,9,12,1,2017,2018,EconSave
Ikan Masin Malong,1kg,fresh,24.9,3.91,23,3,3,4,2018,2018,EconSave
Ikan Masin Tulang Merah,1kg,fresh,14.9,3.89,6,17,4,4,2018,2018,EconSave
Ikan Mata Besar,1kg,fresh,8.99,3.89,6,17,4,4,2018,2018,EconSave
Ikan Pari Potong,1kg,fresh,21.99,3.89,6,17,4,4,2018,2018,EconSave
Ikan Pari Potong,1kg,fresh,21.99,4.05,29,9,12,1,2017,2018,EconSave
Ikan Patin ,1kg,fresh,4.59,4.05,29,9,12,1,2017,2018,EconSave
Ikan Salmon Potong,1kg,fresh,45.88,3.94,19,30,1,1,2018,2018,EconSave
Ikan Salmon Potong,1kg,fresh,45.9,3.91,23,3,3,4,2018,2018,EconSave
Ikan Salmon Potong,1kg,fresh,45.9,3.89,20,1,4,5,2018,2018,EconSave
Ikan Sardin,1kg,fresh,8.99,3.91,9,20,3,3,2018,2018,EconSave
Ikan Sardin,1kg,fresh,8.99,3.89,20,1,4,5,2018,2018,EconSave
Ikan Siakap,1pcs,fresh,7.9,3.91,23,3,3,4,2018,2018,EconSave
Ikan Tengiri Potong,1kg,fresh,45.9,3.91,9,20,3,3,2018,2018,EconSave
Ikan Tongkol ,1kg,fresh,11.99,4.05,29,9,12,1,2017,2018,EconSave
Indocafe 3 In 1 ,30'sx20g,drink,7.9,4.05,29,9,12,1,2017,2018,EconSave
Indocafe 3 In 1 ,30'sx20g,drink,8.9,3.89,6,17,4,4,2018,2018,EconSave
Indocafe 3 In 1 ,30'sx18,drink,6.9,3.89,6,17,4,4,2018,2018,EconSave
Indocafe 3 In 1 ,100's20g,drink,22.88,3.94,19,30,1,1,2018,2018,EconSave
Indocafe 3 In 1 ,100x20gm,drink,22.9,3.91,23,3,3,4,2018,2018,EconSave
Indocafe 3 In 1 ,200g,drink,11.9,3.89,20,1,4,5,2018,2018,EconSave
Indomie Mi Goreng,10x80g,ingredient,6.88,3.94,19,30,1,1,2018,2018,EconSave
Indomie Mi Goreng,5x(80/85gm),ingredient,3.25,3.91,23,3,3,4,2018,2018,EconSave
Indomie Soup Noodles,5x(74/78gm),snack,2.9,3.91,9,20,3,3,2018,2018,EconSave
Infocafe Original Blend,300gm,drink,17.9,3.91,9,20,3,3,2018,2018,EconSave
Isi Kupang,1pkt,fresh,21.88,3.94,19,30,1,1,2018,2018,EconSave
Isi Udang Lipan,1kg,fresh,17.88,3.94,19,30,1,1,2018,2018,EconSave
Jack n Jill Potato Crisps ,120/132gm,snack,1.85,3.91,23,3,3,4,2018,2018,EconSave
Jack n Jill Potato Crisps ,8x16g,snack,3.8,3.89,20,1,4,5,2018,2018,EconSave
Jack n Jill Potato Crisps ,160g,snack,3.95,4.05,29,9,12,1,2017,2018,EconSave
Jack n Jill Potato Crisps ,60g,snack,1.3,3.89,6,17,4,4,2018,2018,EconSave
Jack n Jill Potato Crisps ,100gm,snack,2.5,3.91,23,3,3,4,2018,2018,EconSave
Jacker Wafer Cube,150gm,snack,3.5,3.91,9,20,3,3,2018,2018,EconSave
Jalen Kicap,325ml,ingredient,2.9,3.91,9,20,3,3,2018,2018,EconSave
Jammy Jam,450g,ingredient,3.5,3.89,6,17,4,4,2018,2018,EconSave
Jammy Peanut Butter Stripes,510gm,snack,8.9,3.91,9,20,3,3,2018,2018,EconSave
Jasmine Rice,6kg,ingredient,38.5,3.91,23,3,3,4,2018,2018,EconSave
Jasmine Rice,10kg,ingredient,25.5,3.91,9,20,3,3,2018,2018,EconSave
Jasmine Sunwhite Fragrant Rice,10kg,ingredient,50.88,3.94,19,30,1,1,2018,2018,EconSave
Jasmine Sunwhite Fragrant Rice,10kg,ingredient,53.5,4.05,29,9,12,1,2017,2018,EconSave
Jasmine Sunwhite Fragrant Rice,10kg,ingredient,24.95,3.89,6,17,4,4,2018,2018,EconSave
Jia Duo Bao Herbal Drink,6x310ml,drink,10.68,3.94,19,30,1,1,2018,2018,EconSave
Jim Willie Spread,350g,ingredient,10.9,3.89,6,17,4,4,2018,2018,EconSave
Johnsons's Baby Powder ,2x600ml,toilet,12.68,3.94,19,30,1,1,2018,2018,EconSave
Johnsons's Baby Powder ,2x500g,toilet,12.88,3.94,19,30,1,1,2018,2018,EconSave
Johnsons's Baby Powder ,2x600ml,toilet,12.8,4.05,29,9,12,1,2017,2018,EconSave
Johnsons's Baby Powder ,2x500ml,toilet,13.5,4.05,29,9,12,1,2017,2018,EconSave
Jordan Alfa TBB Toothbrush,3's,toilet,8.88,3.94,19,30,1,1,2018,2018,EconSave
Julie's Assorted Biscuit,550gm,snack,10.5,3.91,9,20,3,3,2018,2018,EconSave
Julie's Biscuits ,530g,snack,10.5,3.89,6,17,4,4,2018,2018,EconSave
Julie's Biscuits ,200g,snack,2.95,3.89,20,1,4,5,2018,2018,EconSave
Julie's Biscuits ,168g,snack,5.3,3.89,20,1,4,5,2018,2018,EconSave
Julie's Biscuits ,272/288gm,snack,6.9,3.91,23,3,3,4,2018,2018,EconSave
Julie's Biscuits ,294/300gm,snack,5.9,3.91,23,3,3,4,2018,2018,EconSave
Julie's Biscuits ,330/360gm,snack,6.35,3.91,9,20,3,3,2018,2018,EconSave
Julie's Biscuits ,150g,snack,4.5,4.05,29,9,12,1,2017,2018,EconSave
Julie's Biscuits ,700g,snack,14.88,3.94,19,30,1,1,2018,2018,EconSave
Julie's Biscuits ,360g,snack,6.45,3.89,6,17,4,4,2018,2018,EconSave
K100 Powder Detergent,5kg,house,10.9,3.89,6,17,4,4,2018,2018,EconSave
Kacang Buncis,1kg,ingredient,5.99,3.89,6,17,4,4,2018,2018,EconSave
Kacang Dhall Hijau,300gm,fresh,3.5,3.91,23,3,3,4,2018,2018,EconSave
Kacang Dhall Hijau,500gm,fresh,5.5,3.91,23,3,3,4,2018,2018,EconSave
Kacang Hitam,1kg,ingredient,10.9,3.91,9,20,3,3,2018,2018,EconSave
Kacang Hitam,1kg,ingredient,10.9,3.89,20,1,4,5,2018,2018,EconSave
Kacang Hitam,1kg,ingredient,10.9,4.05,29,9,12,1,2017,2018,EconSave
Kacang Kuda Putih ,1kg,ingredient,13.9,3.91,23,3,3,4,2018,2018,EconSave
Kacang Kuda Putih ,1kg,ingredient,13.9,4.05,29,9,12,1,2017,2018,EconSave
Kacang Merah,300g,ingredient,2.2,3.89,6,17,4,4,2018,2018,EconSave
Kacang Merah,500g,ingredient,3.4,3.89,6,17,4,4,2018,2018,EconSave
Kacang Merah ABC,1kg,fresh,7.9,3.91,23,3,3,4,2018,2018,EconSave
Kacang Soya,1kg,ingredient,3.99,3.89,20,1,4,5,2018,2018,EconSave
Kacang Soya,1kg,ingredient,4.5,3.89,6,17,4,4,2018,2018,EconSave
Kacang Tanah,1kg,ingredient,7.9,3.89,6,17,4,4,2018,2018,EconSave
Kacang Tanah,1kg,ingredient,8.9,4.05,29,9,12,1,2017,2018,EconSave
Kacang Tanah,1kg,ingredient,11.9,3.91,9,20,3,3,2018,2018,EconSave
Kacang Tanah,1kg,ingredient,11.9,3.89,20,1,4,5,2018,2018,EconSave
Kami Easy Peel Flament Stick,500g,fresh,6.28,3.94,19,30,1,1,2018,2018,EconSave
Kami Golden Ball,800g,fresh,6.9,3.89,20,1,4,5,2018,2018,EconSave
Kao Man Biore Double Scrub ,100g,toilet,9.9,4.05,29,9,12,1,2017,2018,EconSave
Kapal Api ,180g,drink,3.5,4.05,29,9,12,1,2017,2018,EconSave
Kapal Api ,500gm,drink,8.9,3.91,23,3,3,4,2018,2018,EconSave
Kawan French Fries,1kg,fresh,5.9,3.89,6,17,4,4,2018,2018,EconSave
Keledek Putih,1kg,fresh,3.39,3.91,23,3,3,4,2018,2018,EconSave
Kellogg's Cereal Bar,400g,snack,8.9,3.89,20,1,4,5,2018,2018,EconSave
Kellogg's Cereal Bar,4x(25/30gm),snack,7.9,3.91,23,3,3,4,2018,2018,EconSave
Kellogg's Cereal Bar,6x(22-26gm),snack,7.5,3.91,9,20,3,3,2018,2018,EconSave
Kellogg's Cereal Bar,275g,snack,5.9,4.05,29,9,12,1,2017,2018,EconSave
Kenya Avocado,1pcs,ingredient,3.5,3.89,20,1,4,5,2018,2018,EconSave
KG Gold Cake,400g,snack,4.28,3.94,19,30,1,1,2018,2018,EconSave
KG Gold Cake,500g,snack,3.98,3.94,19,30,1,1,2018,2018,EconSave
KG Gold Cake,230g,snack,4.28,3.94,19,30,1,1,2018,2018,EconSave
Kim Coconut Eggs Rolls,500g,snack,13.88,3.94,19,30,1,1,2018,2018,EconSave
Kimball Chili Sauce,1kg,ingredient,4.88,3.94,19,30,1,1,2018,2018,EconSave
Kimball Chili Sauce,500g,ingredient,2.9,3.89,6,17,4,4,2018,2018,EconSave
Kimball Chili Sauce,1kg,ingredient,3.88,3.94,19,30,1,1,2018,2018,EconSave
Kimball Chili Sauce,1kg,ingredient,3.9,3.91,9,20,3,3,2018,2018,EconSave
Kimball Mayo D'Lite,1l,ingredient,6.88,3.94,19,30,1,1,2018,2018,EconSave
Kimball Mayo D'Lite,1l,ingredient,6.8,3.91,9,20,3,3,2018,2018,EconSave
Kimball Tomato Ketchup,400gm,ingredient,2.5,3.91,23,3,3,4,2018,2018,EconSave
Kimball Tomato Ketchup,350g,ingredient,3.9,4.05,29,9,12,1,2017,2018,EconSave
Kimball Tomato Ketchup,485g,ingredient,2.9,3.89,6,17,4,4,2018,2018,EconSave
King Oyster Mushroom,1pct,ingredient,0.79,3.89,20,1,4,5,2018,2018,EconSave
King Oyster Mushroom,1pkt,ingredient,2.59,3.89,6,17,4,4,2018,2018,EconSave
Kipas Udang Manis ,645ml,ingredient,8.3,4.05,29,9,12,1,2017,2018,EconSave
Kipas Udang Manis ,645ml,ingredient,6.5,4.05,29,9,12,1,2017,2018,EconSave
Kit Kat,20's17,snack,15.88,3.94,19,30,1,1,2018,2018,EconSave
Kit Kat,2's17g,snack,9.9,3.89,6,17,4,4,2018,2018,EconSave
Kit Kat,8x15gm,snack,9.9,3.91,9,20,3,3,2018,2018,EconSave
Kit Kat,8'sx15g,snack,9.9,3.89,20,1,4,5,2018,2018,EconSave
Kit Kat,15x17gm,snack,11.9,3.91,23,3,3,4,2018,2018,EconSave
Kjeldsens Butter Cookies,454g,snack,16.88,3.94,19,30,1,1,2018,2018,EconSave
Klassni Gold Freeze,20'sx20g,drink,7.5,3.89,6,17,4,4,2018,2018,EconSave
Klassni Gold Freeze,(24x20gm)/(16x25gm),drink,5.9,3.91,23,3,3,4,2018,2018,EconSave
Kleenex Facial Tissue ,4x(110's-170's),toilet,10.9,4.05,29,9,12,1,2017,2018,EconSave
Kleenex Facial Tissue ,5x(100's-150's),toilet,10.9,4.05,29,9,12,1,2017,2018,EconSave
Knife Cooking Oil,5kg,ingredient,23.95,3.89,6,17,4,4,2018,2018,EconSave
Knife Light Soy Sauce,500ml,ingredient,5.2,3.91,23,3,3,4,2018,2018,EconSave
Knorr Chicken Slock Cute 12 Cube,-,ingredient,4.5,4.05,29,9,12,1,2017,2018,EconSave
Knorr Chicken Slock Cute 12 Cube,6cubes,ingredient,4.5,3.94,19,30,1,1,2018,2018,EconSave
Kobis Bunga,1kg,ingredient,1.99,3.91,23,3,3,4,2018,2018,EconSave
Kobis Bunga,1kg,ingredient,3.88,3.94,19,30,1,1,2018,2018,EconSave
Kodomo Children Toothpaster,60gm,toilet,3.7,3.91,23,3,3,4,2018,2018,EconSave
Kopiko LA Coffee,24'sx20gm,drink,8.5,3.91,23,3,3,4,2018,2018,EconSave
Kopiko LA Coffee,24'sx20g,drink,8.9,3.89,20,1,4,5,2018,2018,EconSave
Kopiko LA Coffee,24'sx20g,drink,8.9,4.05,29,9,12,1,2017,2018,EconSave
Kopiko LA Coffee,24'sx20g,drink,8.9,3.89,6,17,4,4,2018,2018,EconSave
Korea Persimmon ,1pcs,ingredient,0.99,4.05,29,9,12,1,2017,2018,EconSave
Kotex Nature Care,3x(12-20's),toilet,12.5,3.91,9,20,3,3,2018,2018,EconSave
Kotex Soft & Smooth Overnight Wing,2x30's,toilet,12.88,3.94,19,30,1,1,2018,2018,EconSave
Kotex Soft & Smooth Overnight Wing,28/32cm,toilet,11.9,3.89,6,17,4,4,2018,2018,EconSave
Kotex Soft & Smooth Overnight Wing,2x16's,toilet,11.9,3.89,6,17,4,4,2018,2018,EconSave
Kuat Harimau Dishwashing Paste,2x400gm,house,4.3,3.91,9,20,3,3,2018,2018,EconSave
Kuat Harimau Dishwashing Paste,4.8kg,house,18.9,3.89,20,1,4,5,2018,2018,EconSave
Kuat Harimau Dishwashing Paste,4kg,house,11.88,3.94,19,30,1,1,2018,2018,EconSave
Kubis Panjang China,1kg,ingredient,3.88,3.94,19,30,1,1,2018,2018,EconSave
Kubis Panjang China,1kg,ingredient,4.99,3.89,6,17,4,4,2018,2018,EconSave
Kubis Panjang China,1kg,ingredient,4.88,3.94,19,30,1,1,2018,2018,EconSave
Labour Cooking Oil,5kg,ingredient,20.9,3.91,9,20,3,3,2018,2018,EconSave
Labu Cameraon,1kg,ingredient,2.39,3.91,9,20,3,3,2018,2018,EconSave
Labu Cameraon,1kg,ingredient,2.39,3.89,20,1,4,5,2018,2018,EconSave
Labu Manis,1kg,fresh,1.99,3.91,23,3,3,4,2018,2018,EconSave
Labu Ular,1kg,ingredient,1.59,3.89,6,17,4,4,2018,2018,EconSave
Lactokid With ProBio 1-3/4-6,900gm,drink,19.9,3.91,23,3,3,4,2018,2018,EconSave
Lada Benggala,1kg,ingredient,4.39,3.89,20,1,4,5,2018,2018,EconSave
Lady's Choice Peanut Butter ,500/530gm,ingredient,11.9,3.91,23,3,3,4,2018,2018,EconSave
Lady's Choice Peanut Butter ,350g,ingredient,9.9,4.05,29,9,12,1,2017,2018,EconSave
Lady's Choice Peanut Butter ,220ml,ingredient,4.95,3.89,6,17,4,4,2018,2018,EconSave
Laurier Active Comfort,2x30's,toilet,10.5,3.91,23,3,3,4,2018,2018,EconSave
Laurier Active Comfort,2x16's,toilet,9.5,3.89,20,1,4,5,2018,2018,EconSave
Laurier Active Comfort,2x(12's-16's),toilet,10.5,4.05,29,9,12,1,2017,2018,EconSave
Laurier Active Comfort,2x(12's-16's),toilet,10.5,4.05,29,9,12,1,2017,2018,EconSave
Laurier Active Comfort,2x20's,toilet,21.88,3.94,19,30,1,1,2018,2018,EconSave
Lee Cream Cracker,340g,snack,3.3,3.89,20,1,4,5,2018,2018,EconSave
Lee Cream Cracker,730g,snack,5.88,3.94,19,30,1,1,2018,2018,EconSave
Lee Cream Cracker,740ml,snack,7.9,3.89,20,1,4,5,2018,2018,EconSave
Lee Kum Kee Light Siy Sauce,600ml,ingredient,4.5,3.89,6,17,4,4,2018,2018,EconSave
Lee Kum Kee Light Soya Sauce,500ml,ingredient,4.68,3.94,19,30,1,1,2018,2018,EconSave
Lee Kum Kee Oyster Flavoured Sauce,770g,ingredient,4.88,3.94,19,30,1,1,2018,2018,EconSave
Lee Kum Kee Oyster Flavoured Sauce,770g,ingredient,7.68,3.94,19,30,1,1,2018,2018,EconSave
Lee Kum Kee Oyster Sauce,770gm,ingredient,5.5,3.91,9,20,3,3,2018,2018,EconSave
Lee Kum Kee Panda Oyster Sauce,770g,ingredient,7.8,3.89,6,17,4,4,2018,2018,EconSave
Lee Shun Hing Premium Oyster/Sauce,765g,ingredient,6.88,3.94,19,30,1,1,2018,2018,EconSave
LH Udang,1pkt,fresh,6.9,3.91,9,20,3,3,2018,2018,EconSave
Libresse Maxi/Slim Pantyliner,3x(10-32's),toilet,12.5,3.91,9,20,3,3,2018,2018,EconSave
Libresse Maxi/Slim Pantyliner,3x32''s,toilet,13.5,3.89,20,1,4,5,2018,2018,EconSave
Life Chili/Tomato Sauce,1kg,ingredient,3.99,3.89,6,17,4,4,2018,2018,EconSave
Life Chili/Tomato Sauce,500g,ingredient,2.99,3.89,20,1,4,5,2018,2018,EconSave
Life Chili/Tomato Sauce,725gm/685gm,ingredient,3.99,3.91,23,3,3,4,2018,2018,EconSave
Life Chili/Tomato Sauce,500gm,ingredient,2.9,3.91,9,20,3,3,2018,2018,EconSave
Life Chili/Tomato Sauce,725g,ingredient,3.99,4.05,29,9,12,1,2017,2018,EconSave
Life Chili/Tomato Sauce,685g,ingredient,3.99,4.05,29,9,12,1,2017,2018,EconSave
Life Chili/Tomato Sauce,725g,ingredient,3.98,3.94,19,30,1,1,2018,2018,EconSave
Life Chili/Tomato Sauce,510gm,ingredient,3.9,3.91,9,20,3,3,2018,2018,EconSave
Life Chili/Tomato Sauce,1kg,ingredient,3.99,3.89,6,17,4,4,2018,2018,EconSave
Life Chili/Tomato Sauce,685g,ingredient,3.98,3.94,19,30,1,1,2018,2018,EconSave
Life Chili/Tomato Sauce,465g,ingredient,2.99,3.89,20,1,4,5,2018,2018,EconSave
Lifebuoy Body Wash ,900ml,toilet,10.8,4.05,29,9,12,1,2017,2018,EconSave
Lifebuoy Body Wash ,1l,toilet,15.5,3.89,6,17,4,4,2018,2018,EconSave
Lifebuoy Body Wash ,1l,toilet,14.88,3.94,19,30,1,1,2018,2018,EconSave
Lilong Baked Beans In Tomato Sauce,425g,ingredient,2.38,3.94,19,30,1,1,2018,2018,EconSave
Limau Manis Kecil ,1kg,ingredient,4.99,4.05,29,9,12,1,2017,2018,EconSave
Lipton Pot Bag,80's,drink,6.95,3.91,9,20,3,3,2018,2018,EconSave
Lipton Pot Bag,160's,drink,11.5,3.89,20,1,4,5,2018,2018,EconSave
Lipton Pot Bag,40'sx2.3g,drink,3.9,4.05,29,9,12,1,2017,2018,EconSave
Lipton Pot Bag,80's,drink,6.68,3.94,19,30,1,1,2018,2018,EconSave
Listerine Mouthwash,750ml,toilet,18.9,3.89,20,1,4,5,2018,2018,EconSave
Loacker Quadratini/Sandwhich,250g,snack,9.88,3.94,19,30,1,1,2018,2018,EconSave
Lobak Merah Australia ,1kg,ingredient,3.29,3.91,9,20,3,3,2018,2018,EconSave
Lobak Merah Australia ,1kg,ingredient,2.79,3.89,20,1,4,5,2018,2018,EconSave
Lobak Merah Australia ,1pkt,ingredient,2.59,4.05,29,9,12,1,2017,2018,EconSave
Lobak Putih,1kg,ingredient,4.88,3.94,19,30,1,1,2018,2018,EconSave
Lobak Putih,1kg,ingredient,1.59,3.91,23,3,3,4,2018,2018,EconSave
Lonbisco London Roll,24x20gm,snack,5.9,3.91,23,3,3,4,2018,2018,EconSave
Long Fong Cho Frgrant Rice ,10kg,ingredient,39.9,4.05,29,9,12,1,2017,2018,EconSave
Long Fong Cho Frgrant Rice ,10kg,ingredient,26.9,3.91,9,20,3,3,2018,2018,EconSave
Long Fong Cho Frgrant Rice ,10kg,ingredient,38.88,3.94,19,30,1,1,2018,2018,EconSave
Lot 100 Gummy Candy,150gm,snack,2.9,3.91,9,20,3,3,2018,2018,EconSave
Lot 100 Gummy Candy,100gm,snack,2.9,3.91,23,3,3,4,2018,2018,EconSave
Lux Shower Cream,950ml,toilet,14.5,3.91,9,20,3,3,2018,2018,EconSave
Lux Shower Cream,600ml,toilet,6.9,3.89,20,1,4,5,2018,2018,EconSave
M&M ,145g,snack,6.9,3.89,20,1,4,5,2018,2018,EconSave
M&M ,2x40g,snack,7.88,3.94,19,30,1,1,2018,2018,EconSave
M&M ,252g,snack,9.9,4.05,29,9,12,1,2017,2018,EconSave
M&M ,252g,snack,9.9,3.89,6,17,4,4,2018,2018,EconSave
M&S Natural Coconut Milk ,6x200ml,ingredient,13.9,4.05,29,9,12,1,2017,2018,EconSave
Maggi Chili/Tomato Sauce,500/475gm,ingredient,3.15,3.91,9,20,3,3,2018,2018,EconSave
Maggi Chili/Tomato Sauce,500g,ingredient,2.88,3.94,19,30,1,1,2018,2018,EconSave
Maggi Cukup Rasa,325g,ingredient,5.28,3.94,19,30,1,1,2018,2018,EconSave
Maggi Cukup Rasa,500gm,ingredient,6.95,3.91,9,20,3,3,2018,2018,EconSave
Maggi Hot Cup,8'sx72g,snack,7.88,3.94,19,30,1,1,2018,2018,EconSave
Maggi Hot Cup,6x(56-66gm),snack,7.95,3.91,9,20,3,3,2018,2018,EconSave
Maggi Hot Cup,72g,snack,7.9,3.89,20,1,4,5,2018,2018,EconSave
Maggi Instant Noodles,5x(98-112gm),snack,4.95,3.91,23,3,3,4,2018,2018,EconSave
Maggi Instant Noodles,79g,snack,3.9,3.89,6,17,4,4,2018,2018,EconSave
Maggi Oyster Sauce,500g,ingredient,4.68,3.94,19,30,1,1,2018,2018,EconSave
Maggi Stock Cube,80+20gm,ingredient,2.6,3.91,23,3,3,4,2018,2018,EconSave
Magiclean Floor Cleaner,2l,house,8.5,3.89,20,1,4,5,2018,2018,EconSave
Magiclean Glass Cleaner,500ml,house,4.88,3.94,19,30,1,1,2018,2018,EconSave
Mahsuri Kicap,410ml,ingredient,4.8,3.91,23,3,3,4,2018,2018,EconSave
Mahsuri Putih Rice,10kg,ingredient,21.9,3.91,23,3,3,4,2018,2018,EconSave
Mamee Chef Instant Noodle,4x(72-89gm),snack,4.7,3.91,9,20,3,3,2018,2018,EconSave
Mamee Instant Noodels,-,snack,2.8,4.05,29,9,12,1,2017,2018,EconSave
Mamee Instant Noodels,1x159g,snack,16.9,3.89,20,1,4,5,2018,2018,EconSave
Mamee Monster ,8x25g,snack,2.95,4.05,29,9,12,1,2017,2018,EconSave
Mamee Monster ,8'sx25g,snack,2.7,3.89,6,17,4,4,2018,2018,EconSave
Mamee Monster ,8x21gm,snack,2.9,3.91,23,3,3,4,2018,2018,EconSave
Mamee Monster ,76g,snack,2.8,3.89,6,17,4,4,2018,2018,EconSave
Mamee Slrrrp Cup,6'sx60g ,ingredient,6.88,3.94,19,30,1,1,2018,2018,EconSave
MamyPoko Jumbo Pack,NB48/S44/M38/L32/XL28/XXL22,toilet,29.5,3.91,23,3,3,4,2018,2018,EconSave
MamyPoko Jumbo Pack,M66,toilet,28.9,3.89,6,17,4,4,2018,2018,EconSave
MamyPoko Jumbo Pack,L52,toilet,28.9,3.89,6,17,4,4,2018,2018,EconSave
MamyPoko Jumbo Pack,XL44,toilet,28.9,3.89,6,17,4,4,2018,2018,EconSave
MamyPoko Jumbo Pack,XXL36,toilet,28.9,3.89,6,17,4,4,2018,2018,EconSave
MamyPoko Jumbo Pack,M60/L48/XL40/XXL32,toilet,28.9,3.91,9,20,3,3,2018,2018,EconSave
Mandom Long Keep Gel,225gm,toilet,9.5,3.91,9,20,3,3,2018,2018,EconSave
Marigold Asian Drink,24x250ml,drink,12.38,3.94,19,30,1,1,2018,2018,EconSave
Marigold Asian Drink,24x350ml,drink,13.88,3.94,19,30,1,1,2018,2018,EconSave
Marigold Evaporated Creamer,390g,ingredient,2.7,3.89,20,1,4,5,2018,2018,EconSave
Marigold HL Milk,2l,drink,11.38,3.94,19,30,1,1,2018,2018,EconSave
Marigold HL Milk,2l,drink,11.5,3.91,23,3,3,4,2018,2018,EconSave
Marigold HL Milk,1l,drink,5.9,3.91,9,20,3,3,2018,2018,EconSave
Marigold HL Milk,2l,drink,11.5,4.05,29,9,12,1,2017,2018,EconSave
Marigold HL Milk,1l,drink,5.9,3.89,6,17,4,4,2018,2018,EconSave
Marigold HL Milk,700g,drink,3.85,3.89,6,17,4,4,2018,2018,EconSave
Marigold Peel Fresh,1l,drink,4.3,3.91,23,3,3,4,2018,2018,EconSave
Marigold Peel Fresh,1l,drink,4.9,3.91,9,20,3,3,2018,2018,EconSave
Marigold Peel Fresh,2l,drink,6.9,3.89,20,1,4,5,2018,2018,EconSave
Marigold Sweetened Cream,500gm,ingredient,2.75,3.91,9,20,3,3,2018,2018,EconSave
Marigold Sweetened Cream,700gm,ingredient,3.9,3.91,9,20,3,3,2018,2018,EconSave
Mars ,252g,snack,9.9,4.05,29,9,12,1,2017,2018,EconSave
Mars ,252g,snack,9.9,3.89,6,17,4,4,2018,2018,EconSave
May Glory Sparking Juice,750ml,drink,5.9,3.91,9,20,3,3,2018,2018,EconSave
Maybelline Refill Pack,-,toilet,8.88,3.94,19,30,1,1,2018,2018,EconSave
Men's Biore Double Scrub,100gm,toilet,9.9,3.91,23,3,3,4,2018,2018,EconSave
Men's Biore Double Scrub,50g,toilet,5.5,3.89,20,1,4,5,2018,2018,EconSave
Mentos Pure Fresh,57gm,snack,3.9,3.91,23,3,3,4,2018,2018,EconSave
Merigold HL Milk,2l,drink,11.5,3.89,20,1,4,5,2018,2018,EconSave
Mi Sedap Jumbo,4x139g,ingredient,3.95,3.89,6,17,4,4,2018,2018,EconSave
Miaow Miaow Snacks,100g,snack,1.18,3.94,19,30,1,1,2018,2018,EconSave
Miaow Miaow Snacks,50-100gm,snack,1.2,3.91,9,20,3,3,2018,2018,EconSave
Miaow Miaow Snacks,170g,snack,2.9,3.89,20,1,4,5,2018,2018,EconSave
Milo ,6x200ml,drink,6.38,3.94,19,30,1,1,2018,2018,EconSave
Milo ,33g,drink,11.9,3.89,20,1,4,5,2018,2018,EconSave
Milo ,33g,drink,12.99,4.05,29,9,12,1,2017,2018,EconSave
Milo ,2kg,drink,29.88,3.94,19,30,1,1,2018,2018,EconSave
Milo Nuggets Fun Pack,10x15gm,snack,8.8,3.91,23,3,3,4,2018,2018,EconSave
Milo RTD UHT,(6+2)x125ml,drink,5.9,3.91,23,3,3,4,2018,2018,EconSave
Milo RTD UHT,1l,drink,4.5,3.91,9,20,3,3,2018,2018,EconSave
Milo Softpack,2/2.2kg,drink,31.9,3.91,9,20,3,3,2018,2018,EconSave
Minute Maid Pulpy ,1l,drink,3.2,4.05,29,9,12,1,2017,2018,EconSave
Minute Maid Pulpy ,1l,drink,3.4,3.89,6,17,4,4,2018,2018,EconSave
MIster Potato Sweet Potato Crisps,160g,snack,3.28,3.94,19,30,1,1,2018,2018,EconSave
MIster Potato Sweet Potato Crisps,130gm,snack,3.8,3.91,9,20,3,3,2018,2018,EconSave
MIster Potato Sweet Potato Crisps,160g,snack,3.3,3.89,20,1,4,5,2018,2018,EconSave
Mr Muscle Multipurpose Cleaner,2x900ml,house,10.88,3.94,19,30,1,1,2018,2018,EconSave
Mr Muscle Multipurpose Cleaner,2x500ml,house,7.88,3.94,19,30,1,1,2018,2018,EconSave
Mr Muscle Multipurpose Cleaner,2l,house,8.5,3.89,6,17,4,4,2018,2018,EconSave
Mr Muscle Multipurpose Cleaner,2l,house,8.88,3.94,19,30,1,1,2018,2018,EconSave
Mum's Bake Cocopie ,6'sx25g,snack,2.15,4.05,29,9,12,1,2017,2018,EconSave
Mum's Bake Cocopie ,6x25g,snack,2.15,3.89,6,17,4,4,2018,2018,EconSave
Munchy's Crackers,300g,snack,3.5,3.89,6,17,4,4,2018,2018,EconSave
Munchy's Crackers,416g,snack,7.38,3.94,19,30,1,1,2018,2018,EconSave
Munchy's Lexus,180/230gm,snack,3.9,3.91,23,3,3,4,2018,2018,EconSave
Munchy's Lexus,450g,snack,7.2,4.05,29,9,12,1,2017,2018,EconSave
Munchy's Oatkrunch,416gm,snack,6.9,3.91,9,20,3,3,2018,2018,EconSave
Mushroom Piece & Stems,425g,ingredient,2.88,3.94,19,30,1,1,2018,2018,EconSave
Mutton Shoulder,1kg,fresh,26.9,3.91,23,3,3,4,2018,2018,EconSave
Nabati Hicheese Wafer ,350g,snack,9.9,4.05,29,9,12,1,2017,2018,EconSave
Natural Cooking Oil,3kg,ingredient,20.9,4.05,29,9,12,1,2017,2018,EconSave
Natural Cooking Oil,3kg,ingredient,20.9,3.89,6,17,4,4,2018,2018,EconSave
Natural Cooking Oil,3kg,ingredient,19.88,3.94,19,30,1,1,2018,2018,EconSave
Naturel Margarine,500gm,snack,8.9,3.91,9,20,3,3,2018,2018,EconSave
Necafe Classic Refill Pack,300gm,drink,18.9,3.91,9,20,3,3,2018,2018,EconSave
Neckbone,1kg,fresh,14.59,3.89,6,17,4,4,2018,2018,EconSave
Nectarines ,1pkt,ingredient,10.9,4.05,29,9,12,1,2017,2018,EconSave
Nescafe 3in1 Latte,(15x31gm)/20x(24/25gm),drink,10.9,3.91,9,20,3,3,2018,2018,EconSave
Nescafe 3in1 Latte,200g,drink,15.88,3.94,19,30,1,1,2018,2018,EconSave
Nescafe Gold Blend Jar,200g,drink,27.88,3.94,19,30,1,1,2018,2018,EconSave
Nescafe Gold Blend Jar,2x28g,drink,23.38,3.94,19,30,1,1,2018,2018,EconSave
Nescafe Smoovelatte - Mocha ,4x225ml,drink,6.6,4.05,29,9,12,1,2017,2018,EconSave
Nescafe Smoovelatte - Mocha ,4x225ml,drink,6.6,4.05,29,9,12,1,2017,2018,EconSave
Nestle Bliss Yogurt Drink,3x700g,drink,11.38,3.94,19,30,1,1,2018,2018,EconSave
Nestle Cerelac,500gm,snack,10.8,3.91,23,3,3,4,2018,2018,EconSave
Nestle Coffeemate,450g,drink,5.88,3.94,19,30,1,1,2018,2018,EconSave
Nestle Coffeemate,450+50gm,drink,6.5,3.91,9,20,3,3,2018,2018,EconSave
Nestle Cornflakes,325g,ingredient,4.9,3.89,20,1,4,5,2018,2018,EconSave
Nestle Everyday,1kg,drink,23.5,3.89,6,17,4,4,2018,2018,EconSave
Nestle Everyday Milk Powder,550gm,drink,15.9,3.91,9,20,3,3,2018,2018,EconSave
Nestle Ice Cream,1.5l,snack,7.8,3.91,9,20,3,3,2018,2018,EconSave
Nestle Ice Cream,750ml,snack,8.9,3.89,20,1,4,5,2018,2018,EconSave
Nestle Koko Krunch,330g,snack,7.98,3.94,19,30,1,1,2018,2018,EconSave
Nestle Koko Krunch,6'sx65gm,snack,10.9,3.91,23,3,3,4,2018,2018,EconSave
Nestle La Cremeria,750ml,snack,9.9,3.91,23,3,3,4,2018,2018,EconSave
Nestle Natural Set Yogurt,1.4kg,snack,13.9,3.91,9,20,3,3,2018,2018,EconSave
Nestle Natural Soft Yogart,470g,drink,4.9,3.89,6,17,4,4,2018,2018,EconSave
Nestum 3 In 1,26-30g,drink,7.95,3.89,6,17,4,4,2018,2018,EconSave
Nestum 3 In 1,500g,drink,5.28,3.94,19,30,1,1,2018,2018,EconSave
Nestum 3 In 1,275g,drink,3.5,3.89,20,1,4,5,2018,2018,EconSave
Ngan Yin Menglembu Groundnuts,120g,ingredient,2.88,3.94,19,30,1,1,2018,2018,EconSave
Ngan Yin Menglembu Groundnuts,120g,ingredient,2.38,3.94,19,30,1,1,2018,2018,EconSave
Nice Bathroom Tissue,10x300's,toilet,8.9,3.89,6,17,4,4,2018,2018,EconSave
Nice Kitchen Towel,6x60's,house,9.5,3.89,20,1,4,5,2018,2018,EconSave
Nips,85g,snack,1.5,3.89,6,17,4,4,2018,2018,EconSave
Nivea Deocorant Roll On,3x50ml,toilet,13.88,3.94,19,30,1,1,2018,2018,EconSave
Nivea Deocorant Roll On,3x150ml,toilet,19.88,3.94,19,30,1,1,2018,2018,EconSave
Nivea Men Anti-Acne,100g,toilet,12.9,3.91,9,20,3,3,2018,2018,EconSave
Nivea Men Anti-Acne,150ml,toilet,12.5,3.91,9,20,3,3,2018,2018,EconSave
Nivea Men Anti-Acne,50ml,toilet,8.5,3.91,9,20,3,3,2018,2018,EconSave
Nivea Men Anti-Acne,100g,toilet,12.9,3.91,9,20,3,3,2018,2018,EconSave
Nivea Men Anti-Acne,150ml,toilet,12.9,3.91,9,20,3,3,2018,2018,EconSave
Nivea Men Anti-Acne,400ml,toilet,12.9,3.89,6,17,4,4,2018,2018,EconSave
Noce Extra Bathroom Tissues,10x380's,toilet,10.88,3.94,19,30,1,1,2018,2018,EconSave
Nol Salted Nuts,100g,ingredient,7.88,3.94,19,30,1,1,2018,2018,EconSave
Nona Asam Jawa Xtra,200g,ingredient,3.2,3.89,6,17,4,4,2018,2018,EconSave
Nona Corn Flour,400gm,ingredient,1.9,3.91,9,20,3,3,2018,2018,EconSave
Nona Kentucky Flour ,850g,ingredient,4.5,4.05,29,9,12,1,2017,2018,EconSave
Nona Oyster Sauce,225gm,ingredient,2.6,3.91,23,3,3,4,2018,2018,EconSave
Nona Oyster Sauce,510g,ingredient,3.9,4.05,29,9,12,1,2017,2018,EconSave
Nona Oyster Sauce,510g,ingredient,3.8,3.89,20,1,4,5,2018,2018,EconSave
Nona Pancake ,400g,ingredient,4.9,4.05,29,9,12,1,2017,2018,EconSave
Nona Tepung Cucur,180g,ingredient,2.5,3.89,6,17,4,4,2018,2018,EconSave
Nutella Chocolate Spread,680gm,snack,25.9,3.91,23,3,3,4,2018,2018,EconSave
Nutrela Blend Oil ,3kg,ingredient,18.9,4.05,29,9,12,1,2017,2018,EconSave
Nutrigen Adult Cultured Milk,300g,drink,1.68,3.94,19,30,1,1,2018,2018,EconSave
Ocean Nature Mackerel in Tomato Sauce,425g,ingredient,3.2,3.89,20,1,4,5,2018,2018,EconSave
Oral-B Ultrathin Toothbrush,3's,toilet,14.88,3.94,19,30,1,1,2018,2018,EconSave
Oreo Cookies,152g,snack,2.3,3.89,20,1,4,5,2018,2018,EconSave
Oriental Green Pea Snack,60gm,snack,1.2,3.91,23,3,3,4,2018,2018,EconSave
Oriental Green Pea Snack,8x18g,snack,1.8,3.89,6,17,4,4,2018,2018,EconSave
Pacific West Tempura Fish Cocktail,500gm,snack,13.5,3.91,9,20,3,3,2018,2018,EconSave
Padiasure Complete S3S,2x1.6kg,drink,278,3.91,23,3,3,4,2018,2018,EconSave
Pak Choi Kecil ,1pkt,ingredient,2.59,4.05,29,9,12,1,2017,2018,EconSave
Pak Choi Kecil ,1pkt,ingredient,2.69,3.91,9,20,3,3,2018,2018,EconSave
Pak Choi Kecil ,1pct,ingredient,2.69,3.89,20,1,4,5,2018,2018,EconSave
Pama Instant Soup Noodles,5'sx55gm,snack,5.9,3.91,23,3,3,4,2018,2018,EconSave
Pama Meehon ,5x55g,ingredient,5.9,4.05,29,9,12,1,2017,2018,EconSave
Pantene Shampoo,340ml,toilet,9.5,3.91,9,20,3,3,2018,2018,EconSave
Pantene Shampoo,340ml,toilet,8.9,3.89,6,17,4,4,2018,2018,EconSave
Pantene Shampoo,340ml,toilet,8.9,3.89,6,17,4,4,2018,2018,EconSave
Paparich White Coffee,40g,drink,10.38,3.94,19,30,1,1,2018,2018,EconSave
Peanut Grispy Candy,200g,snack,5.88,3.94,19,30,1,1,2018,2018,EconSave
Peria Kecil,1kg,ingredient,3.99,3.89,20,1,4,5,2018,2018,EconSave
Pesta Hebat Biscuit,70gm,snack,0.9,3.91,23,3,3,4,2018,2018,EconSave
Pet Pet Baby Diapers,S84/M72/L60/XL52,toilet,29.9,3.89,20,1,4,5,2018,2018,EconSave
Pet Pet Baby Diapers,-,toilet,29.9,4.05,29,9,12,1,2017,2018,EconSave
Pet Pet Baby Diapers,S84,toilet,29.9,3.91,23,3,3,4,2018,2018,EconSave
Pet Pet Baby Diapers,M76,toilet,29.9,3.91,23,3,3,4,2018,2018,EconSave
Pet Pet Baby Diapers,L64,toilet,29.9,3.91,23,3,3,4,2018,2018,EconSave
Pet Pet Baby Diapers,XL52,toilet,29.9,3.91,23,3,3,4,2018,2018,EconSave
Pir Fragrant,1kg,ingredient,6.9,3.91,9,20,3,3,2018,2018,EconSave
Pir Fragrant,1kg,ingredient,8.9,3.89,20,1,4,5,2018,2018,EconSave
Pir Gong,1kg,snack,4.59,3.91,23,3,3,4,2018,2018,EconSave
Pir Ya,5pcs,ingredient,3.5,3.89,6,17,4,4,2018,2018,EconSave
Pisang Berangan,1kg,ingredient,3.99,3.89,6,17,4,4,2018,2018,EconSave
Pit Huang Guan,1pcs,fresh,1.69,3.91,9,20,3,3,2018,2018,EconSave
Pitaya Vietnam,1pcs,fresh,2.79,3.91,23,3,3,4,2018,2018,EconSave
Planta Margarine,280gm,snack,7.5,3.91,9,20,3,3,2018,2018,EconSave
Playboy Deodorant Spray,150ml,toilet,12.9,3.89,6,17,4,4,2018,2018,EconSave
Popo Muriku Ikan,900gm,snack,9.5,3.91,23,3,3,4,2018,2018,EconSave
Prego Pasta Sauce,600gm,ingredient,9.9,3.91,9,20,3,3,2018,2018,EconSave
Prego Pasta Sauce,500g,ingredient,2.95,3.89,20,1,4,5,2018,2018,EconSave
Prego Pasta Sauce,680g,ingredient,10.5,3.89,20,1,4,5,2018,2018,EconSave
Prego Pasta Sauce,290-300gm,ingredient,3.6,3.91,23,3,3,4,2018,2018,EconSave
Premier Salute 3parking Juice ,750ml,drink,5.9,4.05,29,9,12,1,2017,2018,EconSave
Premier Salute 3parking Juice ,750ml,drink,5.68,3.94,19,30,1,1,2018,2018,EconSave
Premier Salute 3parking Juice ,750ml,drink,5.9,3.89,20,1,4,5,2018,2018,EconSave
Pringles Potato Crisps,147/150gm,snack,2.99,3.91,23,3,3,4,2018,2018,EconSave
Pringles Tortilla,110g ,snack,3.7,3.89,6,17,4,4,2018,2018,EconSave
Pringles Tortilla,110g,snack,2.98,3.94,19,30,1,1,2018,2018,EconSave
Pringles Tortilla,110gm,snack,3.8,3.91,9,20,3,3,2018,2018,EconSave
Pro Dental B,250ml,toilet,4.98,3.94,19,30,1,1,2018,2018,EconSave
Pucuk Kacang,1kg,ingredient,10.99,3.89,6,17,4,4,2018,2018,EconSave
Pucuk Labu ,1kg,ingredient,7.99,4.05,29,9,12,1,2017,2018,EconSave
Pucuk Labu ,1kg,ingredient,7.99,3.89,6,17,4,4,2018,2018,EconSave
Quaker Oat Cookies,400g,snack,5,3.89,20,1,4,5,2018,2018,EconSave
Quaker Oat Cookies,300g,snack,7.8,3.89,6,17,4,4,2018,2018,EconSave
Quaker Oat Cookies,270g,snack,6.88,3.94,19,30,1,1,2018,2018,EconSave
Quaker Oatmeat,1kg,snack,16.88,3.94,19,30,1,1,2018,2018,EconSave
Quaker Oatmeat,2x1kg,snack,17.9,3.91,9,20,3,3,2018,2018,EconSave
Quataker 3 In 1 Cereal Drink ,15'sx28g,drink,7.9,4.05,29,9,12,1,2017,2018,EconSave
Rasaria Chicken Nugget,1kg,fresh,6.9,3.89,6,17,4,4,2018,2018,EconSave
Rasaria Chicken Nugget,1kg,fresh,6.58,3.94,19,30,1,1,2018,2018,EconSave
Red China Leek,-,ingredient,4.98,3.94,19,30,1,1,2018,2018,EconSave
Rejoice Shampoo,600ml,toilet,13.88,3.94,19,30,1,1,2018,2018,EconSave
Rejoice Shampoo,320/340ml,toilet,8.9,3.91,23,3,3,4,2018,2018,EconSave
Rejoice Shampoo,340ml,toilet,7.85,4.05,29,9,12,1,2017,2018,EconSave
Rexona Deodorant Roll On,2x50ml,toilet,11.5,3.91,23,3,3,4,2018,2018,EconSave
Ribena Rastillas,40gm,snack,2.2,3.91,23,3,3,4,2018,2018,EconSave
Ridsect Advance,2x300ml,house,13.5,3.91,23,3,3,4,2018,2018,EconSave
Roma Biscuit Coconut,300g,snack,2.5,3.89,6,17,4,4,2018,2018,EconSave
Roma Biscuit Coconut,10x135gm,snack,2.9,3.91,23,3,3,4,2018,2018,EconSave
Rota Potato Chips,70g,snack,1.9,3.89,20,1,4,5,2018,2018,EconSave
Royale Comfort Pocket Tissue,2x16x8's,toilet,7.88,3.94,19,30,1,1,2018,2018,EconSave
Royale Comfort Pocket Tissue,16x8's,toilet,1.9,3.91,9,20,3,3,2018,2018,EconSave
Royale Comfort Pocket Tissue,10x10's,toilet,8.9,3.89,20,1,4,5,2018,2018,EconSave
Ruski intant Noodles,5x60g,ingredient,4.95,3.89,20,1,4,5,2018,2018,EconSave
S26 Gold Progress,600g,drink,42.9,3.89,6,17,4,4,2018,2018,EconSave
S26 Gold Promise,600g,drink,38.9,3.89,6,17,4,4,2018,2018,EconSave
S26 Standard Porcess,1.8kg,ingredient,86.88,3.94,19,30,1,1,2018,2018,EconSave
S26 Standard Promise,1.8kg,ingredient,84.88,3.94,19,30,1,1,2018,2018,EconSave
Saderi China,1kg,ingredient,2.88,3.94,19,30,1,1,2018,2018,EconSave
Safi Shayla Shampoo,320ml,toilet,7.9,4.05,29,9,12,1,2017,2018,EconSave
Safi Shayla Shampoo,320ml,toilet,7.9,3.91,23,3,3,4,2018,2018,EconSave
Safi Shayla Shampoo,320ml,toilet,7.8,3.89,20,1,4,5,2018,2018,EconSave
Safi Shower Gel,1kg,toilet,13.5,3.91,9,20,3,3,2018,2018,EconSave
Saji Cooking Oil,5kg,ingredient,20.68,3.94,19,30,1,1,2018,2018,EconSave
Sakura Borago Siam Rice ,10kg,ingredient,28.9,4.05,29,9,12,1,2017,2018,EconSave
Sakura Origanum Fragrant Rice,10kg,ingredient,47.88,3.94,19,30,1,1,2018,2018,EconSave
Sakura Rice,10kg,ingredient,28.9,3.91,9,20,3,3,2018,2018,EconSave
Salad Bulat Cameron,1kg,ingredient,6.88,3.94,19,30,1,1,2018,2018,EconSave
Salad Bulat Cameron,1kg,ingredient,3.99,3.91,23,3,3,4,2018,2018,EconSave
Salad Bulat Cameron,1kg,ingredient,6.99,4.05,29,9,12,1,2017,2018,EconSave
San Remo Pasta,500g,ingredient,3.88,3.94,19,30,1,1,2018,2018,EconSave
San Remo Pasta,2x500gm,ingredient,7.95,3.91,9,20,3,3,2018,2018,EconSave
Saudi Gold Cheese Bratwurst,420g,snack,4.9,3.89,20,1,4,5,2018,2018,EconSave
Saudi Gold Cheese Bratwurst,400gm,snack,5.9,3.91,23,3,3,4,2018,2018,EconSave
Saudi Gold Minced Beer,400g,fresh,6.5,3.89,6,17,4,4,2018,2018,EconSave
Saudi Gold Scallop ,500g,fresh,7.9,4.05,29,9,12,1,2017,2018,EconSave
Saudi Gold Scallop ,500g,fresh,7.9,3.89,6,17,4,4,2018,2018,EconSave
Saudi Gold Spicy Potato Wedges ,1kg,fresh,6.58,3.94,19,30,1,1,2018,2018,EconSave
Saudi Gold Wedges,1kg,snack,6.9,3.91,23,3,3,4,2018,2018,EconSave
Sawi,1kg,fresh,2.39,3.91,23,3,3,4,2018,2018,EconSave
Sawi,1pkt,fresh,2.59,3.89,6,17,4,4,2018,2018,EconSave
Sawi,1kg,fresh,2.69,3.91,9,20,3,3,2018,2018,EconSave
Sayur Wai Sang Bungkus Vakum,1kg,ingredient,11.68,3.94,19,30,1,1,2018,2018,EconSave
Scoot Kitchen Towel,8x50's,house,11.5,3.89,6,17,4,4,2018,2018,EconSave
Scoot Kitchen Towel,6x60's,house,11.5,3.91,9,20,3,3,2018,2018,EconSave
Scott Season Facial Tissues ,4x80's,toilet,4.28,3.94,19,30,1,1,2018,2018,EconSave
SCS Cheese Slice,200gm,snack,7.5,3.91,9,20,3,3,2018,2018,EconSave
Season's Asian Drink,24x250ml,drink,14.38,3.94,19,30,1,1,2018,2018,EconSave
Seasons Tea/Soybean,1l,drink,1.85,3.91,9,20,3,3,2018,2018,EconSave
Segaria Fried Chicken,850gm,snack,7.9,3.91,9,20,3,3,2018,2018,EconSave
Sekuang China ,1pkt,ingredient,3.99,3.89,6,17,4,4,2018,2018,EconSave
Selada Air,1kg ,ingredient,5.99,3.89,6,17,4,4,2018,2018,EconSave
Selada Air,1kg,ingredient,6.88,3.94,19,30,1,1,2018,2018,EconSave
Sengkuang,1kg,ingredient,2.88,3.94,19,30,1,1,2018,2018,EconSave
Sensodyne Toothpaste ,2x100g,toilet,15.5,4.05,29,9,12,1,2017,2018,EconSave
Seri Aji Scoconing,72g,ingredient,2.3,3.89,20,1,4,5,2018,2018,EconSave
Seri Murni Cooking Oil,5kg,ingredient,20.5,3.91,23,3,3,4,2018,2018,EconSave
Seri Murni Cooking Oil,5kg,ingredient,20.5,3.89,20,1,4,5,2018,2018,EconSave
Seri Murni Cooking Oil,5kg,ingredient,20.8,4.05,29,9,12,1,2017,2018,EconSave
Shallow Globe Agar-Agar Powder,10g,ingredient,2.6,3.89,20,1,4,5,2018,2018,EconSave
Shieldtox Mosquito Spray ,3x800ml,house,22.9,3.89,20,1,4,5,2018,2018,EconSave
Shieldtox Mosquito Spray ,1l,house,13.9,3.89,6,17,4,4,2018,2018,EconSave
Shieldtox Mosquito Spray ,2x800ml,house,23.58,3.94,19,30,1,1,2018,2018,EconSave
Shokubutsu Shower Foam (Refill Pack),800g,toilet,8.5,3.89,6,17,4,4,2018,2018,EconSave
Simplot French Fries ,700gm/1kg,fresh,7.9,3.91,9,20,3,3,2018,2018,EconSave
Simplot French Fries ,1kg,fresh,7.5,4.05,29,9,12,1,2017,2018,EconSave
Sin Sing Coffee O Bag,20x10gm,drink,5.5,3.91,9,20,3,3,2018,2018,EconSave
Sin Sing Coffee O Bag,20'sx26g,drink,6.88,3.94,19,30,1,1,2018,2018,EconSave
Sin Tei hing Oyster Sauce,750gm,ingredient,4.9,3.91,23,3,3,4,2018,2018,EconSave
Sing Sing Coffee Powder,20'sx26g,ingredient,6.2,3.89,20,1,4,5,2018,2018,EconSave
Sing Sing Coffee Powder,500g,ingredient,6.9,3.89,6,17,4,4,2018,2018,EconSave
Siput Buluh,1kg,fresh,14.9,3.91,23,3,3,4,2018,2018,EconSave
Slai O Lai Cream Sandwich,126g,snack,1.9,3.89,20,1,4,5,2018,2018,EconSave
Smartheart Cat Food,3kg,snack,23.9,3.91,9,20,3,3,2018,2018,EconSave
Snek Ku Shoyuemi,6'sx14gm,snack,3.3,3.91,23,3,3,4,2018,2018,EconSave
Snek Ku Shoyuemi,8'sx16g,snack,3.38,3.94,19,30,1,1,2018,2018,EconSave
Snickers - Chocolate Bar Funsize ,252g,snack,9.9,4.05,29,9,12,1,2017,2018,EconSave
Snickers - Chocolate Bar Funsize ,252g,snack,9.9,3.89,6,17,4,4,2018,2018,EconSave
Softian Fabric Softner,1.8l,house,4.98,3.94,19,30,1,1,2018,2018,EconSave
Softian Fabric Softner,1.8l,house,4.95,3.91,23,3,3,4,2018,2018,EconSave
Softian Fabric Softner,2.8/3l,house,9.5,3.91,9,20,3,3,2018,2018,EconSave
Softian Fabric Softner,1.8kg,house,5.2,3.89,20,1,4,5,2018,2018,EconSave
Soh Hoon ,1kg,fresh,5.9,3.89,6,17,4,4,2018,2018,EconSave
Sotong Kering Hitam,1kg,fresh,32.9,3.91,23,3,3,4,2018,2018,EconSave
Sotong Ring ,1kg,fresh,12.99,4.05,29,9,12,1,2017,2018,EconSave
South Africa Anggur Hijau Tanpa Biji,1kg,fresh,18.9,3.91,9,20,3,3,2018,2018,EconSave
Spain Blueberry,125g,ingredient,9.9,3.89,6,17,4,4,2018,2018,EconSave
Sprite Carbonated Drink,1.5l,drink,2.75,3.89,6,17,4,4,2018,2018,EconSave
Sumo Rice,5kg,ingredient,29.9,3.91,23,3,3,4,2018,2018,EconSave
Sunflower Brown Rice,5kg,ingredient,16.9,3.89,6,17,4,4,2018,2018,EconSave
Sunlico Sunflower Oil,3kg,ingredient,19.9,3.89,20,1,4,5,2018,2018,EconSave
Sunlight Dishwashing Liquid,1l,house,4.78,3.94,19,30,1,1,2018,2018,EconSave
Sunlight Dishwashing Liquid,750ml/1l,house,4.85,3.91,9,20,3,3,2018,2018,EconSave
Sunlight Dishwashing Liquid,1l,house,5.2,3.89,20,1,4,5,2018,2018,EconSave
Sunlight Dishwashing Liquid,1l,house,4.8,4.05,29,9,12,1,2017,2018,EconSave
Sunlight Dishwashing Liquid,700ml,house,3.9,3.89,6,17,4,4,2018,2018,EconSave
Sunmaid Raisins,500g,snack,13.9,3.89,6,17,4,4,2018,2018,EconSave
Sunmaid Raisins,500g,snack,13.38,3.94,19,30,1,1,2018,2018,EconSave
Sunquick Fruit Drink,6x125ml,drink,3.5,3.89,20,1,4,5,2018,2018,EconSave
Sunquick Fruit Drink,5x200ml,drink,4.5,3.89,6,17,4,4,2018,2018,EconSave
Sunsilk Shampoo,650ml,toilet,16.9,3.89,6,17,4,4,2018,2018,EconSave
Sunsilk Shampoo,320ml,toilet,9.6,3.91,9,20,3,3,2018,2018,EconSave
Sunsweet Pitted Prunes,340g,snack,13.9,3.89,6,17,4,4,2018,2018,EconSave
Sunsweet Pitted Prunes,340g,snack,13.38,3.94,19,30,1,1,2018,2018,EconSave
Super Charcoal Roasted White Coffee,15x(30-40gm),drink,10.3,3.91,9,20,3,3,2018,2018,EconSave
Super Charcoal Roasted White Coffee,15'sx40g,drink,10.5,3.89,20,1,4,5,2018,2018,EconSave
Super Charcoal Roasted White Coffee,15'sx40g,drink,10.5,4.05,29,9,12,1,2017,2018,EconSave
Super Charcoal Roasted White Coffee,(20's/30's)x(20/22gm),drink,8.5,3.91,23,3,3,4,2018,2018,EconSave
Super Charcoal Roasted White Coffee,20'sx(16-25gm),drink,10.9,3.91,23,3,3,4,2018,2018,EconSave
Super Charcoal Roasted White Coffee,(15's/18's)x(30/35gm),drink,7.5,3.91,23,3,3,4,2018,2018,EconSave
Super Charcoal Roasted White Coffee,20'sx22g,drink,11.5,3.89,6,17,4,4,2018,2018,EconSave
Super Charcoal Roasted White Coffee,20'sx9gm,drink,13.5,3.91,23,3,3,4,2018,2018,EconSave
Supernuts Groundnuts,120g,ingredient,2.28,3.94,19,30,1,1,2018,2018,EconSave
Swallow Globe Agar-Agar,10g,ingredient,2.68,3.94,19,30,1,1,2018,2018,EconSave
Take One Baby Bites,50gm,snack,5.9,3.91,23,3,3,4,2018,2018,EconSave
Talapa Merah,1kg,fresh,12.59,3.89,20,1,4,5,2018,2018,EconSave
Tao Kae Noi,32.5g,snack,4.38,3.94,19,30,1,1,2018,2018,EconSave
Taste Me Cili Padi Sauce,2x180ml,ingredient,9.9,3.91,23,3,3,4,2018,2018,EconSave
Taste Me Oyster Sauce,750ml,ingredient,4.9,3.89,20,1,4,5,2018,2018,EconSave
Tender Soft Baby Wipes,2x80's,toilet,7.9,3.91,23,3,3,4,2018,2018,EconSave
Tender Soft Baby Wipes,10x170's,toilet,9.5,3.89,20,1,4,5,2018,2018,EconSave
Thai King Siam Rice,5kg,ingredient,16.9,3.91,9,20,3,3,2018,2018,EconSave
Thai King Siam Rice,10kg,ingredient,25.95,3.89,6,17,4,4,2018,2018,EconSave
Thai King Siam Rice,10kg,ingredient,25.9,4.05,29,9,12,1,2017,2018,EconSave
Tiger Light Soy sauce,640ml,ingredient,3.9,3.89,20,1,4,5,2018,2018,EconSave
Tong Garden Chestnuts Without Shell,120g,ingredient,3.88,3.94,19,30,1,1,2018,2018,EconSave
Tong Garden Chestnuts Without Shell,120g,ingredient,2.58,3.94,19,30,1,1,2018,2018,EconSave
Tong Garden Chestnuts Without Shell,120g,ingredient,2.38,3.94,19,30,1,1,2018,2018,EconSave
Tong Garden Salted Nuts,400g,ingredient,8.58,3.94,19,30,1,1,2018,2018,EconSave
Top,2.1kg,ingredient,9.99,3.89,20,1,4,5,2018,2018,EconSave
Top Concentrated Liquid ,1.8kg,house,8.5,4.05,29,9,12,1,2017,2018,EconSave
Top Concentrated Liquid ,1.5/1.8kg,house,8.9,3.91,9,20,3,3,2018,2018,EconSave
Top Liquid Detergent,4kg,house,17.68,3.94,19,30,1,1,2018,2018,EconSave
Top Liquid Detergent,4kg,house,17.28,3.94,19,30,1,1,2018,2018,EconSave
Top Liquid Detergent,2.5kg,house,10.5,3.91,9,20,3,3,2018,2018,EconSave
Torto Oat Cookies,3x160gm,snack,10.5,3.91,23,3,3,4,2018,2018,EconSave
TST Elephant Trick Cooking Caramel,740ml,ingredient,7.68,3.94,19,30,1,1,2018,2018,EconSave
Tumix Chicken Seasoning,330gm,ingredient,4.8,3.91,9,20,3,3,2018,2018,EconSave
Turket Delima,1pcs,fresh,5.9,3.91,9,20,3,3,2018,2018,EconSave
Twisties,60-65gm,snack,1.5,3.91,23,3,3,4,2018,2018,EconSave
Twisties,60g,snack,1.5,4.05,29,9,12,1,2017,2018,EconSave
TY Abalone Slice,300g,fresh,11.28,3.94,19,30,1,1,2018,2018,EconSave
TY Immitiation Sharkfins,500g,fresh,17.88,3.94,19,30,1,1,2018,2018,EconSave
TY Sea Cucumber,400g,fresh,13.58,3.94,19,30,1,1,2018,2018,EconSave
Ubi Bit,1k,ingredient,6.88,3.94,19,30,1,1,2018,2018,EconSave
Ubi Bit,1kg,ingredient,6.99,3.91,9,20,3,3,2018,2018,EconSave
Ubi Bit,1kg,ingredient,6.99,3.89,20,1,4,5,2018,2018,EconSave
Ubi Bit,1kg,ingredient,6.99,4.05,29,9,12,1,2017,2018,EconSave
Ubi Kentang,1kg,ingredient,1.58,3.94,19,30,1,1,2018,2018,EconSave
Ubi Teratai,1kg,ingredient,9.99,3.91,23,3,3,4,2018,2018,EconSave
Udang Geragau,1kg,ingredient,15.9,3.91,9,20,3,3,2018,2018,EconSave
Udang Geragau,1kg,ingredient,15.9,3.89,20,1,4,5,2018,2018,EconSave
Udang Kering,1kg,ingredient,56.9,3.89,6,17,4,4,2018,2018,EconSave
Udang Kering,1kg,ingredient,54.9,4.05,29,9,12,1,2017,2018,EconSave
Uspring Car Vent Clip,4's,house,4.68,3.94,19,30,1,1,2018,2018,EconSave
V-Soy Origin/Multigrain,1l,drink,3.8,3.91,9,20,3,3,2018,2018,EconSave
Vape One Push V,-,house,12.5,3.89,6,17,4,4,2018,2018,EconSave
Vico 3in1,32g,drink,9.5,3.89,20,1,4,5,2018,2018,EconSave
Vico 3in1,(15-18)x32gm,drink,9.9,3.91,23,3,3,4,2018,2018,EconSave
Viennam Ciku King,1kg,ingredient,9.9,3.89,20,1,4,5,2018,2018,EconSave
Vietnam Pitaya,1pcs,ingredient,2.5,3.89,20,1,4,5,2018,2018,EconSave
Vinda Deluxe Facial Tissues,(4+1)x120's,toilet,8.9,3.91,9,20,3,3,2018,2018,EconSave
Vit's Instant Noodles ,700g,ingredient,4.28,3.94,19,30,1,1,2018,2018,EconSave
Vitagen Cultured Milk,-,drink,6.9,4.05,29,9,12,1,2017,2018,EconSave
Vitagen Cultured Milk,2x125ml,drink,3.88,3.94,19,30,1,1,2018,2018,EconSave
Vitagen Cultured Milk,2x5x125ml,drink,7.5,3.89,20,1,4,5,2018,2018,EconSave
Vits Air Dried Nooedles,400g,ingredient,2.6,3.89,20,1,4,5,2018,2018,EconSave
Vochelle Block,40g,snack,1.9,3.89,6,17,4,4,2018,2018,EconSave
Vochelle Coated Chocolate - Almond ,205g,snack,12.9,4.05,29,9,12,1,2017,2018,EconSave
Vochelle Coated Chocolate - Almond ,205g,snack,12.9,4.05,29,9,12,1,2017,2018,EconSave
Vochelle Coated Chocolate - Almond ,205g,snack,12.9,4.05,29,9,12,1,2017,2018,EconSave
Vochelle Heart Shape,180g,snack,11.88,3.94,19,30,1,1,2018,2018,EconSave
Wall's Ice Cream,1.5l,snack,6.58,3.94,19,30,1,1,2018,2018,EconSave
Wall's Ice Cream,750ml,snack,9.9,4.05,29,9,12,1,2017,2018,EconSave
Wall's Ice Cream,90ml,snack,10.9,3.89,6,17,4,4,2018,2018,EconSave
Washington Epal Hijau,10pcs,ingredient,7.9,3.89,20,1,4,5,2018,2018,EconSave
Washington Epal Hijau,5pcs,ingredient,5.5,3.91,23,3,3,4,2018,2018,EconSave
Whiskas Cat Food,3kg,snack,26.9,3.89,20,1,4,5,2018,2018,EconSave
Whole Duck ,1kg,fresh,9.88,3.94,19,30,1,1,2018,2018,EconSave
Whole Longan ,565g,ingredient,5.88,3.94,19,30,1,1,2018,2018,EconSave
Win Dishwashing Paste,800g,house,2.88,3.94,19,30,1,1,2018,2018,EconSave
Wise Potato Chips,120g,snack,1.9,4.05,29,9,12,1,2017,2018,EconSave
Wise Potato Chips,65g,snack,1.98,3.94,19,30,1,1,2018,2018,EconSave
Wise Potato Chips,65g,snack,1.95,4.05,29,9,12,1,2017,2018,EconSave
Wong Pak Choy,1kg,ingredient,4.59,3.91,9,20,3,3,2018,2018,EconSave
Wong Pak Choy,1kg,ingredient,3.39,3.89,20,1,4,5,2018,2018,EconSave
Yeo's Asian Drink,24x250ml,drink,14.88,3.94,19,30,1,1,2018,2018,EconSave
Yeo's Asian Drink,24x250ml,drink,20.88,3.94,19,30,1,1,2018,2018,EconSave
Yuen Siew Pak ,1kg,ingredient,5.39,3.91,23,3,3,4,2018,2018,EconSave
Yuen Siew Pak ,1kg,ingredient,5.59,4.05,29,9,12,1,2017,2018,EconSave
Zip Dishwashing Liquid,900ml,house,3.68,3.94,19,30,1,1,2018,2018,EconSave
